method,n_agents,n_resources,makespan,lower_bound,normalized_makespan,scheduler_time_s,wall_time_s,dispatches,mean_utilization,min_utilization,p95_utilization,completed,valid,pattern,seed,unique_fraction,source_file,diagnostic_calls,diagnostic_selected_agents,diagnostic_scanned_agents,diagnostic_feasible_agents,diagnostic_candidate_map_time_s,diagnostic_candidate_reduce_time_s,diagnostic_solver_time_s,diagnostic_packing_time_s,diagnostic_empty_calls,diagnostic_simulation_mode,diagnostic_waves,diagnostic_utilization_by_resource,gate_score,gate_decision
FIFO-Windowed,100000,4,37.0,14.0,2.642857142857143,0.0036693210004159,0.0036693210004159,37,,,,100000,True,correlated_bursts,101,1.0,correlated_bursts_100000_101_baseline.csv,,,,,,,,,,,,,,
Kahn-FIFO,100000,4,37.0,14.0,2.642857142857143,0.0036693210004159,0.0036693210004159,37,,,,100000,True,correlated_bursts,101,1.0,correlated_bursts_100000_101_baseline.csv,,,,,,,,,,,,,,
LangChain-FCFS-policy,100000,4,37.0,14.0,2.642857142857143,0.0036693210004159,0.0036693210004159,37,,,,100000,True,correlated_bursts,101,1.0,correlated_bursts_100000_101_baseline.csv,,,,,,,,,,,,,,
LangGraph-FCFS-policy,100000,4,37.0,14.0,2.642857142857143,0.0036693210004159,0.0036693210004159,37,,,,100000,True,correlated_bursts,101,1.0,correlated_bursts_100000_101_baseline.csv,,,,,,,,,,,,,,
FIFO-Strict,100000,4,37.0,14.0,2.642857142857143,0.0004371270001684,0.0004371270001684,37,,,,100000,True,correlated_bursts,101,1.0,correlated_bursts_100000_101_baseline.csv,,,,,,,,,,,,,,
FISTA,100000,4,16.0,14.0,1.1428571428571428,1.2929809430020214,1.3290344140000343,24,0.7930714918281883,0.7296058545644084,0.8310097895973871,100000,True,iid,103,1.0,iid_100000_103_fista.csv,40.0,100000.0,1800629.0,995124.0,0.1901699750005718,0.0190799569991213,0.2230614860000059,0.83580019899955,16.0,waves,16.0,"0.83409704,0.72960585,0.79506769,0.81351539",,
FIFO-Windowed,10000,4,37.0,14.0,2.642857142857143,0.0003891460000886,0.0003891460000886,37,,,,10000,True,correlated_bursts,101,1.0,correlated_bursts_10000_101_baseline.csv,,,,,,,,,,,,,,
Kahn-FIFO,10000,4,37.0,14.0,2.642857142857143,0.0003891460000886,0.0003891460000886,37,,,,10000,True,correlated_bursts,101,1.0,correlated_bursts_10000_101_baseline.csv,,,,,,,,,,,,,,
LangChain-FCFS-policy,10000,4,37.0,14.0,2.642857142857143,0.0003891460000886,0.0003891460000886,37,,,,10000,True,correlated_bursts,101,1.0,correlated_bursts_10000_101_baseline.csv,,,,,,,,,,,,,,
LangGraph-FCFS-policy,10000,4,37.0,14.0,2.642857142857143,0.0003891460000886,0.0003891460000886,37,,,,10000,True,correlated_bursts,101,1.0,correlated_bursts_10000_101_baseline.csv,,,,,,,,,,,,,,
FIFO-Strict,10000,4,37.0,14.0,2.642857142857143,4.533699984676787e-05,4.533699984676787e-05,37,,,,10000,True,correlated_bursts,101,1.0,correlated_bursts_10000_101_baseline.csv,,,,,,,,,,,,,,
OLS,10000,4,20.0,15.0,1.3333333333333333,0.940276103000997,0.946981484999924,21,0.6243814861128727,0.5705652949905395,0.7218816093373298,10000,True,correlated_bursts,107,1.0,correlated_bursts_10000_107_ols.csv,41.0,10000.0,213085.0,109346.0,0.0271937060001619,0.0033794009987104,0.715333129998271,0.189845973001411,20.0,waves,20.0,"0.57056529,0.74200410,0.60785414,0.57710240",,
IRLS,1000000,4,20.0,14.0,1.4285714285714286,11.24539409099907,11.687758995000197,35,0.6532184570169032,0.6204354464196046,0.6880295868687093,1000000,True,correlated_bursts,105,1.0,correlated_bursts_1000000_105_irls.csv,55.0,1000000.0,24449517.0,13879941.0,2.453093144999684,0.2417834890006815,0.8790581180001027,7.274662927999998,20.0,waves,20.0,"0.65398384,0.62043545,0.64441688,0.69403766",,
FIFO-Windowed,1000000,4,36.0,15.0,2.4,0.0318567300000722,0.0318567300000722,36,,,,1000000,True,correlated_bursts,104,1.0,correlated_bursts_1000000_104_baseline.csv,,,,,,,,,,,,,,
Kahn-FIFO,1000000,4,36.0,15.0,2.4,0.0318567300000722,0.0318567300000722,36,,,,1000000,True,correlated_bursts,104,1.0,correlated_bursts_1000000_104_baseline.csv,,,,,,,,,,,,,,
LangChain-FCFS-policy,1000000,4,36.0,15.0,2.4,0.0318567300000722,0.0318567300000722,36,,,,1000000,True,correlated_bursts,104,1.0,correlated_bursts_1000000_104_baseline.csv,,,,,,,,,,,,,,
LangGraph-FCFS-policy,1000000,4,36.0,15.0,2.4,0.0318567300000722,0.0318567300000722,36,,,,1000000,True,correlated_bursts,104,1.0,correlated_bursts_1000000_104_baseline.csv,,,,,,,,,,,,,,
FIFO-Strict,1000000,4,36.0,15.0,2.4,0.0043938829999206,0.0043938829999206,36,,,,1000000,True,correlated_bursts,104,1.0,correlated_bursts_1000000_104_baseline.csv,,,,,,,,,,,,,,
MP,10000,4,18.0,15.0,1.2,0.206489194000369,0.2111317870003404,19,0.707127747186908,0.6564021227165505,0.775470212432985,10000,True,correlated_bursts,108,1.0,correlated_bursts_10000_108_mp.csv,37.0,10000.0,204182.0,105525.0,0.021541664999404,0.0032763079998403,0.0054426140009127,0.1723599520014431,18.0,waves,18.0,"0.66523299,0.65640212,0.72196326,0.78491262",,
FIFO-Windowed,100000,4,15.0,15.0,1.0,0.001611265000065,0.001611265000065,15,,,,100000,True,iid,104,1.0,iid_100000_104_baseline.csv,,,,,,,,,,,,,,
Kahn-FIFO,100000,4,15.0,15.0,1.0,0.001611265000065,0.001611265000065,15,,,,100000,True,iid,104,1.0,iid_100000_104_baseline.csv,,,,,,,,,,,,,,
LangChain-FCFS-policy,100000,4,15.0,15.0,1.0,0.001611265000065,0.001611265000065,15,,,,100000,True,iid,104,1.0,iid_100000_104_baseline.csv,,,,,,,,,,,,,,
LangGraph-FCFS-policy,100000,4,15.0,15.0,1.0,0.001611265000065,0.001611265000065,15,,,,100000,True,iid,104,1.0,iid_100000_104_baseline.csv,,,,,,,,,,,,,,
FIFO-Strict,100000,4,15.0,15.0,1.0,0.0004224050003358,0.0004224050003358,15,,,,100000,True,iid,104,1.0,iid_100000_104_baseline.csv,,,,,,,,,,,,,,
MP,1000000,4,18.0,15.0,1.2,8.240224853999734,8.634536228999877,33,0.7398208519229801,0.6786760681529266,0.7851561609516391,1000000,True,correlated_bursts,106,1.0,correlated_bursts_1000000_106_mp.csv,51.0,1000000.0,21486509.0,11905325.0,2.1080350939996606,0.197587882999187,0.076255017999756,5.569941388999951,18.0,waves,18.0,"0.67867607,0.72682551,0.78869841,0.76508342",,
OMP,100000,4,21.0,15.0,1.4,1.1637547679983982,1.2005426289997558,30,0.6061088597577526,0.5626015697978035,0.6659611968525705,100000,True,correlated_bursts,108,1.0,correlated_bursts_100000_108_omp.csv,51.0,100000.0,2266675.0,1149711.0,0.2031587799992849,0.0213013899992802,0.0202446030002647,0.894129700999656,21.0,waves,21.0,"0.56323700,0.56260157,0.62549449,0.67310238",,
OLS,10000,4,22.0,14.0,1.5714285714285714,1.0020910070015816,1.0085954159999346,23,0.5884605817619598,0.5501763971061417,0.6251630841910478,10000,True,correlated_bursts,102,1.0,correlated_bursts_10000_102_ols.csv,45.0,10000.0,207372.0,107094.0,0.0234571180021703,0.0033610480018069,0.7808770820020072,0.1899851680004758,22.0,waves,22.0,"0.62997731,0.57580616,0.59788246,0.55017640",,
FISTA,1000000,4,19.0,15.0,1.2666666666666666,11.80196870800046,12.211890468000092,35,0.6700896768638294,0.6206151866058969,0.7365904375690274,1000000,True,correlated_bursts,108,1.0,correlated_bursts_1000000_108_fista.csv,54.0,1000000.0,24965696.0,13296023.0,2.474093025999764,0.2419367640009113,1.750358623000011,6.94586452200042,19.0,waves,19.0,"0.62061519,0.62216267,0.69336184,0.74421901",,
IRLS,100000,4,17.0,13.0,1.3076923076923077,1.2423717690003286,1.2794855439997264,27,0.7380994024533851,0.7150104660534858,0.7624312548637273,100000,True,complementary,103,1.0,complementary_100000_103_irls.csv,44.0,100000.0,2050973.0,1036282.0,0.2140003070003331,0.0199819199997364,0.0566901820006933,0.9251259159996152,17.0,waves,17.0,"0.75087150,0.71501047,0.72204444,0.76447121",,
IRLS,100000,4,19.0,14.0,1.3571428571428572,1.2580444740005987,1.317821838999862,26,0.682521753217923,0.6399517429560109,0.7255389482519753,100000,True,iid,102,1.0,iid_100000_102_irls.csv,45.0,100000.0,2115625.0,1091082.0,0.2987575189986273,0.020528522999939,0.0960773169995263,0.8144798819998869,19.0,waves,19.0,"0.72989947,0.65940647,0.70082933,0.63995174",,
MP,1000000,4,18.0,15.0,1.2,13.345312339000202,13.86168759899988,33,0.7239362253217995,0.6292734204602329,0.8099392804951236,1000000,True,correlated_bursts,100,1.0,correlated_bursts_1000000_100_mp.csv,51.0,1000000.0,22371478.0,12638940.0,4.767523928999935,0.4543158509995919,0.2554428670002835,7.3693309550003505,18.0,waves,18.0,"0.82385886,0.71155096,0.62927342,0.73106166",,
OMP,10000,4,20.0,14.0,1.4285714285714286,0.2044712449974213,0.2092776019999291,20,0.6537488087632258,0.5967322451734542,0.6946555340389013,10000,True,correlated_bursts,109,1.0,correlated_bursts_10000_109_omp.csv,40.0,10000.0,187932.0,98966.0,0.0207724040010361,0.0030007210002622,0.007844422000744,0.169169611000143,20.0,waves,20.0,"0.68552074,0.59673225,0.63647469,0.69626756",,
MP,100000,4,18.0,15.0,1.2,1.0214266330003738,1.0576181920000636,24,0.732656245516064,0.6848097799663632,0.7769026243232929,100000,True,complementary,106,1.0,complementary_100000_106_mp.csv,42.0,100000.0,1892626.0,1041112.0,0.1762329420025707,0.02019972899825,0.0145879399997284,0.7849618939999345,18.0,waves,18.0,"0.68480978,0.73644439,0.78404231,0.72532850",,
FISTA,100000,4,18.0,15.0,1.2,1.440318067001499,1.4796678529996825,26,0.7402433121096977,0.6750775781057499,0.7841322597581192,100000,True,iid,106,1.0,iid_100000_106_fista.csv,44.0,100000.0,1979755.0,1092950.0,0.2340214530017874,0.0210802209994653,0.221790269999019,0.934362469000007,18.0,waves,18.0,"0.67507758,0.72753343,0.78625418,0.77210806",,
FISTA,1000000,4,16.0,14.0,1.1428571428571428,10.447156549000283,10.834661174000075,33,0.7931107771888871,0.7370577660141786,0.8251655342614005,1000000,True,correlated_bursts,103,1.0,correlated_bursts_1000000_103_fista.csv,49.0,1000000.0,20930179.0,11682830.0,2.044835303000127,0.2275092870013395,2.033964826998954,5.854915433000087,16.0,waves,16.0,"0.82660417,0.73705777,0.79176790,0.81701327",,
OMP,1000000,4,21.0,14.0,1.5,9.44655150899962,9.84814432500002,35,0.6173518996369555,0.5790066843122831,0.6552598121718448,1000000,True,correlated_bursts,102,1.0,correlated_bursts_1000000_102_omp.csv,56.0,1000000.0,21056840.0,12513551.0,2.2432639899996047,0.230690540999376,0.0894350209996446,6.562162410000155,21.0,waves,21.0,"0.65867527,0.59582008,0.63590557,0.57900668",,
MP,1000000,4,19.0,15.0,1.2666666666666666,9.284557392000352,9.67944026400005,36,0.6700896768638294,0.6206151866058969,0.7365904375690274,1000000,True,correlated_bursts,108,1.0,correlated_bursts_1000000_108_mp.csv,55.0,1000000.0,25078482.0,13278186.0,2.3145177720004995,0.2095118510010252,0.0832195529999353,6.378882838999971,19.0,waves,19.0,"0.62061519,0.62216267,0.69336184,0.74421901",,
FIFO-Windowed,100000,4,35.0,15.0,2.333333333333333,0.0037870950000069,0.0037870950000069,35,,,,100000,True,correlated_bursts,108,1.0,correlated_bursts_100000_108_baseline.csv,,,,,,,,,,,,,,
Kahn-FIFO,100000,4,35.0,15.0,2.333333333333333,0.0037870950000069,0.0037870950000069,35,,,,100000,True,correlated_bursts,108,1.0,correlated_bursts_100000_108_baseline.csv,,,,,,,,,,,,,,
LangChain-FCFS-policy,100000,4,35.0,15.0,2.333333333333333,0.0037870950000069,0.0037870950000069,35,,,,100000,True,correlated_bursts,108,1.0,correlated_bursts_100000_108_baseline.csv,,,,,,,,,,,,,,
LangGraph-FCFS-policy,100000,4,35.0,15.0,2.333333333333333,0.0037870950000069,0.0037870950000069,35,,,,100000,True,correlated_bursts,108,1.0,correlated_bursts_100000_108_baseline.csv,,,,,,,,,,,,,,
FIFO-Strict,100000,4,35.0,15.0,2.333333333333333,0.0004380880000098,0.0004380880000098,35,,,,100000,True,correlated_bursts,108,1.0,correlated_bursts_100000_108_baseline.csv,,,,,,,,,,,,,,
FISTA,100000,4,19.0,15.0,1.2666666666666666,1.4575840260004045,1.4961006560001806,27,0.6575754511920506,0.6015673887523851,0.7636132053268374,100000,True,correlated_bursts,107,1.0,correlated_bursts_100000_107_fista.csv,46.0,100000.0,2099271.0,1123660.0,0.2404898389991103,0.0210621359997276,0.2547324590000244,0.8907380930004365,19.0,waves,19.0,"0.60156739,0.78618494,0.63570673,0.60684275",,
OLS,100000,4,20.0,15.0,1.3333333333333333,3.096391309001774,3.140262428999904,27,0.6246966786324482,0.5714890193147659,0.7254325450604955,100000,True,correlated_bursts,107,1.0,correlated_bursts_100000_107_ols.csv,47.0,100000.0,2096323.0,1135755.0,0.1941704219984785,0.0215631969995229,1.9493891909987724,0.9042595259998052,20.0,waves,20.0,"0.57148902,0.74687569,0.60392139,0.57650061",,
FIFO-Windowed,10000,4,39.0,15.0,2.6,0.0004657590002352,0.0004657590002352,39,,,,10000,True,correlated_bursts,106,1.0,correlated_bursts_10000_106_baseline.csv,,,,,,,,,,,,,,
Kahn-FIFO,10000,4,39.0,15.0,2.6,0.0004657590002352,0.0004657590002352,39,,,,10000,True,correlated_bursts,106,1.0,correlated_bursts_10000_106_baseline.csv,,,,,,,,,,,,,,
LangChain-FCFS-policy,10000,4,39.0,15.0,2.6,0.0004657590002352,0.0004657590002352,39,,,,10000,True,correlated_bursts,106,1.0,correlated_bursts_10000_106_baseline.csv,,,,,,,,,,,,,,
LangGraph-FCFS-policy,10000,4,39.0,15.0,2.6,0.0004657590002352,0.0004657590002352,39,,,,10000,True,correlated_bursts,106,1.0,correlated_bursts_10000_106_baseline.csv,,,,,,,,,,,,,,
FIFO-Strict,10000,4,39.0,15.0,2.6,4.5667999984289054e-05,4.5667999984289054e-05,39,,,,10000,True,correlated_bursts,106,1.0,correlated_bursts_10000_106_baseline.csv,,,,,,,,,,,,,,
MP,100000,4,18.0,15.0,1.2,1.0504639310011044,1.0900844040002085,25,0.6936374138210879,0.6346054571227674,0.8048403851589097,100000,True,iid,107,1.0,iid_100000_107_mp.csv,43.0,100000.0,2070648.0,1090092.0,0.1889622280009462,0.0208085270010087,0.0160131790003106,0.7991610350004521,18.0,waves,18.0,"0.63460546,0.82922860,0.66664051,0.64407509",,
FISTA,100000,4,17.0,14.0,1.2142857142857142,1.3946233139995456,1.432451677000245,24,0.7660058182203536,0.7316306539514486,0.7995388407351807,100000,True,complementary,101,1.0,complementary_100000_101_fista.csv,41.0,100000.0,1893049.0,1041552.0,0.1802309859999695,0.0199802619990805,0.2300398010015669,0.9129003419998298,17.0,waves,17.0,"0.80514349,0.76777919,0.73163065,0.75946994",,
FISTA,10000,4,18.0,15.0,1.2,0.2309445229989251,0.23671229699994,19,0.7404263638478739,0.6784971174663967,0.7911342000490207,10000,True,correlated_bursts,106,1.0,correlated_bursts_10000_106_fista.csv,37.0,10000.0,194876.0,98114.0,0.0211783340000693,0.0029727290002483,0.0374726530003499,0.1648698080007307,18.0,waves,18.0,"0.67849712,0.71053208,0.79318966,0.77948660",,
FIFO-Windowed,100000,4,14.0,13.0,1.0769230769230769,0.0016910230001485,0.0016910230001485,14,,,,100000,True,complementary,103,1.0,complementary_100000_103_baseline.csv,,,,,,,,,,,,,,
Kahn-FIFO,100000,4,14.0,13.0,1.0769230769230769,0.0016910230001485,0.0016910230001485,14,,,,100000,True,complementary,103,1.0,complementary_100000_103_baseline.csv,,,,,,,,,,,,,,
LangChain-FCFS-policy,100000,4,14.0,13.0,1.0769230769230769,0.0016910230001485,0.0016910230001485,14,,,,100000,True,complementary,103,1.0,complementary_100000_103_baseline.csv,,,,,,,,,,,,,,
LangGraph-FCFS-policy,100000,4,14.0,13.0,1.0769230769230769,0.0016910230001485,0.0016910230001485,14,,,,100000,True,complementary,103,1.0,complementary_100000_103_baseline.csv,,,,,,,,,,,,,,
FIFO-Strict,100000,4,14.0,13.0,1.0769230769230769,0.0004231759999129,0.0004231759999129,14,,,,100000,True,complementary,103,1.0,complementary_100000_103_baseline.csv,,,,,,,,,,,,,,
IRLS,10000,4,18.0,14.0,1.2857142857142858,0.2037981529983881,0.2086421310000332,18,0.7355578661496993,0.6820849211789943,0.7714456602000749,10000,True,correlated_bursts,101,1.0,correlated_bursts_10000_101_irls.csv,36.0,10000.0,187158.0,98579.0,0.0206372149991693,0.0029711699999097,0.0139712430004692,0.1622084180003185,18.0,waves,18.0,"0.74461923,0.77617974,0.68208492,0.73934758",,
FISTA,1000000,4,18.0,15.0,1.2,9.226891956000143,9.657213597000007,30,0.6939343907496742,0.6349929486260943,0.8054343914101706,1000000,True,correlated_bursts,107,1.0,correlated_bursts_1000000_107_fista.csv,48.0,1000000.0,21105040.0,11473376.0,2.008721791000653,0.2060596080011691,1.3996303870007978,5.240864896999483,18.0,waves,18.0,"0.63499295,0.82933463,0.66999969,0.64141029",,
MP,100000,4,17.0,15.0,1.1333333333333333,0.9941760340007022,1.0293475799999214,26,0.7671756086949741,0.6996399665664224,0.8494136911079743,100000,True,iid,104,1.0,iid_100000_104_mp.csv,43.0,100000.0,2026064.0,1026908.0,0.1772474489994238,0.0199243029987883,0.0144265550002273,0.7587178460007635,17.0,waves,17.0,"0.69963997,0.85676635,0.80774864,0.70454748",,
FIFO-Windowed,100000,4,35.0,14.0,2.5,0.0036532869999064,0.0036532869999064,35,,,,100000,True,correlated_bursts,102,1.0,correlated_bursts_100000_102_baseline.csv,,,,,,,,,,,,,,
Kahn-FIFO,100000,4,35.0,14.0,2.5,0.0036532869999064,0.0036532869999064,35,,,,100000,True,correlated_bursts,102,1.0,correlated_bursts_100000_102_baseline.csv,,,,,,,,,,,,,,
LangChain-FCFS-policy,100000,4,35.0,14.0,2.5,0.0036532869999064,0.0036532869999064,35,,,,100000,True,correlated_bursts,102,1.0,correlated_bursts_100000_102_baseline.csv,,,,,,,,,,,,,,
LangGraph-FCFS-policy,100000,4,35.0,14.0,2.5,0.0036532869999064,0.0036532869999064,35,,,,100000,True,correlated_bursts,102,1.0,correlated_bursts_100000_102_baseline.csv,,,,,,,,,,,,,,
FIFO-Strict,100000,4,35.0,14.0,2.5,0.0004507180001382,0.0004507180001382,35,,,,100000,True,correlated_bursts,102,1.0,correlated_bursts_100000_102_baseline.csv,,,,,,,,,,,,,,
IRLS,1000000,4,21.0,15.0,1.4,10.118031005000605,10.532346821999909,36,0.6341321587911257,0.5817223441310799,0.6729909951014049,1000000,True,correlated_bursts,106,1.0,correlated_bursts_1000000_106_irls.csv,57.0,1000000.0,23981100.0,12766151.0,2.320669721000286,0.2322868550002113,0.8926045809994321,6.353050147999738,21.0,waves,21.0,"0.58172234,0.62299329,0.67602721,0.65578579",,
MP,100000,4,17.0,15.0,1.1333333333333333,0.953461382000114,0.9886310829997456,25,0.7672529312099896,0.6941034417667576,0.8197511880755799,100000,True,iid,109,1.0,iid_100000_109_mp.csv,42.0,100000.0,1944484.0,1018451.0,0.172173346999898,0.0192635220018928,0.013858269001048,0.7249187429993071,17.0,waves,17.0,"0.79423140,0.69410344,0.75642220,0.82425468",,
OLS,100000,4,18.0,14.0,1.2857142857142858,2.565560797001126,2.605221024000002,25,0.7049524371806117,0.6485385373905853,0.7386753685310108,100000,True,iid,103,1.0,iid_100000_103_ols.csv,43.0,100000.0,1811653.0,986030.0,0.1676936369995019,0.018757150998681,1.6537865159994,0.7016425780002464,18.0,waves,18.0,"0.74141959,0.64853854,0.70672683,0.72312479",,
OMP,100000,4,18.0,14.0,1.2857142857142858,1.0104048220023287,1.0463165450000815,25,0.7137222384875792,0.6776785811008348,0.7429933716992625,100000,True,complementary,104,1.0,complementary_100000_104_omp.csv,43.0,100000.0,1825051.0,1015993.0,0.1725006920005398,0.0193874249985128,0.0172761879994141,0.7762559690008857,18.0,waves,18.0,"0.69794574,0.74443382,0.73483081,0.67767858",,
FIFO-Windowed,100000,4,15.0,15.0,1.0,0.0017863040002339,0.0017863040002339,15,,,,100000,True,iid,109,1.0,iid_100000_109_baseline.csv,,,,,,,,,,,,,,
Kahn-FIFO,100000,4,15.0,15.0,1.0,0.0017863040002339,0.0017863040002339,15,,,,100000,True,iid,109,1.0,iid_100000_109_baseline.csv,,,,,,,,,,,,,,
LangChain-FCFS-policy,100000,4,15.0,15.0,1.0,0.0017863040002339,0.0017863040002339,15,,,,100000,True,iid,109,1.0,iid_100000_109_baseline.csv,,,,,,,,,,,,,,
LangGraph-FCFS-policy,100000,4,15.0,15.0,1.0,0.0017863040002339,0.0017863040002339,15,,,,100000,True,iid,109,1.0,iid_100000_109_baseline.csv,,,,,,,,,,,,,,
FIFO-Strict,100000,4,15.0,15.0,1.0,0.0004221750000397,0.0004221750000397,15,,,,100000,True,iid,109,1.0,iid_100000_109_baseline.csv,,,,,,,,,,,,,,
MP,10000,4,17.0,15.0,1.1333333333333333,0.193060148998029,0.1975603999999293,17,0.7675848914359131,0.6769304545636271,0.862963407500351,10000,True,correlated_bursts,100,1.0,correlated_bursts_10000_100_mp.csv,34.0,10000.0,187390.0,98695.0,0.0199177190015689,0.0029001219991187,0.0049625339997874,0.1617125420011689,17.0,waves,17.0,"0.88008670,0.74739100,0.67693045,0.76593141",,
FIFO-Windowed,100000,4,35.0,14.0,2.5,0.0035970130002169,0.0035970130002169,35,,,,100000,True,correlated_bursts,103,1.0,correlated_bursts_100000_103_baseline.csv,,,,,,,,,,,,,,
Kahn-FIFO,100000,4,35.0,14.0,2.5,0.0035970130002169,0.0035970130002169,35,,,,100000,True,correlated_bursts,103,1.0,correlated_bursts_100000_103_baseline.csv,,,,,,,,,,,,,,
LangChain-FCFS-policy,100000,4,35.0,14.0,2.5,0.0035970130002169,0.0035970130002169,35,,,,100000,True,correlated_bursts,103,1.0,correlated_bursts_100000_103_baseline.csv,,,,,,,,,,,,,,
LangGraph-FCFS-policy,100000,4,35.0,14.0,2.5,0.0035970130002169,0.0035970130002169,35,,,,100000,True,correlated_bursts,103,1.0,correlated_bursts_100000_103_baseline.csv,,,,,,,,,,,,,,
FIFO-Strict,100000,4,35.0,14.0,2.5,0.0004638369996428,0.0004638369996428,35,,,,100000,True,correlated_bursts,103,1.0,correlated_bursts_100000_103_baseline.csv,,,,,,,,,,,,,,
OMP,100000,4,20.0,15.0,1.3333333333333333,1.2480335799996285,1.288220962000196,27,0.652135859116435,0.594655995468537,0.7213299071117163,100000,True,correlated_bursts,104,1.0,correlated_bursts_100000_104_omp.csv,47.0,100000.0,2155099.0,1148975.0,0.2107690010002443,0.0224078039996129,0.0205468889998883,0.9652157999998964,20.0,waves,20.0,"0.59465600,0.72695303,0.68946552,0.59746889",,
OLS,10000,4,20.0,15.0,1.3333333333333333,0.9471234729999196,0.9533196950001184,20,0.6524179879194498,0.5959221751260757,0.7182650920036634,10000,True,correlated_bursts,104,1.0,correlated_bursts_10000_104_ols.csv,40.0,10000.0,212530.0,111265.0,0.0233815259989569,0.0034264820001226,0.7244515820020752,0.1913432720011769,20.0,waves,20.0,"0.60236678,0.72365377,0.68772922,0.59592218",,
FIFO-Windowed,10000,4,35.0,14.0,2.5,0.0003773590001401,0.0003773590001401,35,,,,10000,True,correlated_bursts,102,1.0,correlated_bursts_10000_102_baseline.csv,,,,,,,,,,,,,,
Kahn-FIFO,10000,4,35.0,14.0,2.5,0.0003773590001401,0.0003773590001401,35,,,,10000,True,correlated_bursts,102,1.0,correlated_bursts_10000_102_baseline.csv,,,,,,,,,,,,,,
LangChain-FCFS-policy,10000,4,35.0,14.0,2.5,0.0003773590001401,0.0003773590001401,35,,,,10000,True,correlated_bursts,102,1.0,correlated_bursts_10000_102_baseline.csv,,,,,,,,,,,,,,
LangGraph-FCFS-policy,10000,4,35.0,14.0,2.5,0.0003773590001401,0.0003773590001401,35,,,,10000,True,correlated_bursts,102,1.0,correlated_bursts_10000_102_baseline.csv,,,,,,,,,,,,,,
FIFO-Strict,10000,4,35.0,14.0,2.5,4.465600022740546e-05,4.465600022740546e-05,35,,,,10000,True,correlated_bursts,102,1.0,correlated_bursts_10000_102_baseline.csv,,,,,,,,,,,,,,
OLS,100000,4,28.0,15.0,1.8666666666666667,3.631279951001488,3.674550315000033,30,0.4754107387316724,0.4360435117948907,0.5070882377892251,100000,True,correlated_bursts,106,1.0,correlated_bursts_100000_106_ols.csv,58.0,100000.0,2429019.0,1265024.0,0.2297620829986044,0.0247884640011761,2.2935483699989163,1.0520901409986436,28.0,waves,28.0,"0.43604351,0.46587788,0.51018572,0.48953585",,
OLS,1000000,4,19.0,15.0,1.2666666666666666,12.463519751000833,12.86096472400004,33,0.6867891269631312,0.6243984525037063,0.7615898034163237,1000000,True,correlated_bursts,104,1.0,correlated_bursts_1000000_104_ols.csv,52.0,1000000.0,19890770.0,11766627.0,2.026407106001443,0.1962011359989901,4.27808320400095,5.687435876000563,19.0,waves,19.0,"0.62439845,0.76782748,0.72624296,0.62868762",,
MP,100000,4,17.0,15.0,1.1333333333333333,1.001525553997908,1.037646739000138,24,0.7678608770414428,0.6960465891864253,0.8203553733978458,100000,True,correlated_bursts,109,1.0,correlated_bursts_100000_109_mp.csv,41.0,100000.0,1889250.0,1044132.0,0.1760039060000053,0.0193225269995309,0.0142106659986893,0.7686589659983838,17.0,waves,17.0,"0.80008803,0.69604659,0.75137692,0.82393196",,
IRLS,100000,4,20.0,15.0,1.3333333333333333,1.4331888089996028,1.4709324999998898,29,0.666218980898728,0.6075698202951749,0.7057190337823074,100000,True,iid,106,1.0,iid_100000_106_irls.csv,49.0,100000.0,2394416.0,1173022.0,0.268913590000011,0.0462316360008117,0.1024464460006129,0.985712249001608,20.0,waves,20.0,"0.60756982,0.65478009,0.70762876,0.69489725",,
IRLS,1000000,4,19.0,15.0,1.2666666666666666,8.907773021999674,9.34670792199995,32,0.696595012911144,0.6456600431906006,0.733161263493428,1000000,True,correlated_bursts,101,1.0,correlated_bursts_1000000_101_irls.csv,51.0,1000000.0,20392121.0,11270826.0,2.10633342500023,0.2016263459995571,0.6504122390001612,5.6180693249993965,19.0,waves,19.0,"0.70495158,0.73813944,0.64566004,0.69762898",,
OMP,100000,4,17.0,14.0,1.2142857142857142,0.8843368659991029,0.9209699650000402,24,0.7424591039377919,0.6926884191410214,0.8008116577853689,100000,True,complementary,108,1.0,complementary_100000_108_omp.csv,41.0,100000.0,1637389.0,903891.0,0.1549355190013557,0.0175383690016133,0.0168044739998549,0.6738130720009394,17.0,waves,17.0,"0.69974316,0.69268842,0.80600133,0.77140351",,
OLS,100000,4,18.0,13.0,1.3846153846153846,2.594170674000452,2.633700379999937,28,0.6970938800948637,0.6752876623838477,0.7200739629268537,100000,True,complementary,103,1.0,complementary_100000_103_ols.csv,46.0,100000.0,1883226.0,1011601.0,0.174359681000169,0.0196084799990785,1.63082582700099,0.744193185000313,18.0,waves,18.0,"0.70915641,0.67528766,0.68193086,0.72200059",,
OLS,100000,4,21.0,14.0,1.5,2.9594699860003857,3.0002025480002885,26,0.6041944223244039,0.5596254958198562,0.630894365828444,100000,True,correlated_bursts,103,1.0,correlated_bursts_100000_103_ols.csv,47.0,100000.0,2240265.0,1210605.0,0.209756658000515,0.0219264920010573,1.7825204980017588,0.9175695969979644,21.0,waves,21.0,"0.63244505,0.55962550,0.60260000,0.62210714",,
OLS,100000,4,20.0,15.0,1.3333333333333333,2.9843942470015463,3.0242649420001726,27,0.652135859116435,0.594655995468537,0.7213299071117163,100000,True,correlated_bursts,104,1.0,correlated_bursts_100000_104_ols.csv,47.0,100000.0,2155099.0,1148975.0,0.1964585610012363,0.0215345279993925,1.8405557030005184,0.8994024599996919,20.0,waves,20.0,"0.59465600,0.72695303,0.68946552,0.59746889",,
FISTA,100000,4,19.0,15.0,1.2666666666666666,1.5089907190003942,1.5461591400003272,26,0.6701761946347303,0.6207276709458702,0.7364462968861721,100000,True,iid,108,1.0,iid_100000_108_fista.csv,45.0,100000.0,2149080.0,1167082.0,0.2451871869980095,0.0213469949999307,0.2598484220002319,0.9536077189995922,19.0,waves,19.0,"0.62072767,0.62259256,0.69332938,0.74405516",,
IRLS,1000000,4,17.0,14.0,1.2142857142857142,8.97681122300014,9.366063753999924,35,0.746457202060129,0.693701426836874,0.7766263851872004,1000000,True,correlated_bursts,103,1.0,correlated_bursts_1000000_103_irls.csv,52.0,1000000.0,23849272.0,11615171.0,2.150878579999926,0.2090312130001166,0.6637501459999839,5.611767618000158,17.0,waves,17.0,"0.77798039,0.69370143,0.74519332,0.76895367",,
OLS,10000,4,23.0,14.0,1.6428571428571428,1.1159764359967994,1.122681711000041,26,0.5756539822041125,0.5338055904879087,0.6037400818957108,10000,True,correlated_bursts,101,1.0,correlated_bursts_10000_101_ols.csv,49.0,10000.0,227153.0,110839.0,0.0243449720001081,0.0035439940006654,0.8833626529994945,0.1998505299993667,23.0,waves,23.0,"0.58274548,0.60744501,0.53380559,0.57861985",,
OMP,100000,4,19.0,14.0,1.3571428571428572,1.028311271002167,1.064171691999945,27,0.6883901795039679,0.6527733689332427,0.7230401885318212,100000,True,iid,105,1.0,iid_100000_105_omp.csv,46.0,100000.0,1911186.0,1046703.0,0.1829799879997153,0.0201496030003909,0.0183184959992104,0.7821840070005237,19.0,waves,19.0,"0.69175618,0.65277337,0.68047028,0.72856090",,
MP,100000,4,17.0,14.0,1.2142857142857142,0.9659391830009554,1.0012884110001323,24,0.7463578158124988,0.6913020830715871,0.7793400989645486,100000,True,correlated_bursts,103,1.0,correlated_bursts_100000_103_mp.csv,41.0,100000.0,1830892.0,1016988.0,0.1720613450011114,0.0191397470011907,0.0139646520001406,0.7380350579996957,17.0,waves,17.0,"0.78125565,0.69130208,0.74438823,0.76848530",,
OLS,100000,4,19.0,14.0,1.3571428571428572,2.8925097790006475,2.932285613000204,26,0.6781132956542049,0.6502370821005001,0.7168420687342066,100000,True,complementary,100,1.0,complementary_100000_100_ols.csv,45.0,100000.0,1980556.0,1079651.0,0.1892906609996316,0.0204772500014769,1.853592537998793,0.8031828009998208,19.0,waves,19.0,"0.72211986,0.65316165,0.68693460,0.65023708",,
OLS,1000000,4,20.0,15.0,1.3333333333333333,20.675728940999534,21.306918731,35,0.6515426027896195,0.5663460784142097,0.7289453524456113,1000000,True,correlated_bursts,100,1.0,correlated_bursts_1000000_100_ols.csv,55.0,1000000.0,21784423.0,12339109.0,4.205904570999337,0.3966431180006111,7.087600328000008,8.460889399000507,20.0,waves,20.0,"0.74147297,0.64039586,0.56634608,0.65795550",,
OMP,100000,4,17.0,14.0,1.2142857142857142,0.8937088509992464,0.9300254879999555,24,0.7286950160291149,0.7013454570230783,0.770142546261764,100000,True,complementary,107,1.0,complementary_100000_107_omp.csv,41.0,100000.0,1696219.0,929203.0,0.1607293579986617,0.0175590519984325,0.0162190460009696,0.676900309001212,17.0,waves,17.0,"0.70965508,0.72581436,0.77796517,0.70134546",,
MP,10000,4,16.0,14.0,1.1428571428571428,0.1795806790014467,0.1844703060000938,17,0.8171860109540323,0.7459153064668178,0.8683194175486266,10000,True,correlated_bursts,109,1.0,correlated_bursts_10000_109_mp.csv,33.0,10000.0,179231.0,93159.0,0.0192172119986935,0.002830870998423,0.0049889709998751,0.1490954559999409,16.0,waves,16.0,"0.85690093,0.74591531,0.79559336,0.87033445",,
OMP,100000,4,21.0,14.0,1.5,1.0843707920002998,1.1209986389999358,25,0.6171254629579045,0.578231237460091,0.6549413306932488,100000,True,correlated_bursts,102,1.0,correlated_bursts_100000_102_omp.csv,46.0,100000.0,2056387.0,1085164.0,0.1898135959982028,0.0204166090006765,0.0183665010017648,0.8314286600007108,21.0,waves,21.0,"0.65864153,0.59765555,0.63397353,0.57823124",,
OMP,1000000,4,19.0,15.0,1.2666666666666666,7.961007925000786,8.430395814999883,31,0.6574115280786387,0.6015722671194579,0.7630431076517405,1000000,True,correlated_bursts,107,1.0,correlated_bursts_1000000_107_omp.csv,50.0,1000000.0,19683381.0,11384645.0,2.0096223950006333,0.1866501130004962,0.0897070960002111,5.379061314999262,19.0,waves,19.0,"0.60157227,0.78568544,0.63473655,0.60765185",,
MP,1000000,4,19.0,14.0,1.3571428571428572,9.477074974000743,9.872059386000046,35,0.6875983758072666,0.6530899435995838,0.724241670388115,1000000,True,correlated_bursts,105,1.0,correlated_bursts_1000000_105_mp.csv,54.0,1000000.0,22437806.0,13002581.0,2.24120385899937,0.2369278829996801,0.099311849999367,6.606289645000061,19.0,waves,19.0,"0.68840404,0.65308994,0.67833356,0.73056596",,
OLS,1000000,4,20.0,15.0,1.3333333333333333,12.818655367999554,13.21051255800012,34,0.6617652622655869,0.6133770410310706,0.6965032003187567,1000000,True,correlated_bursts,101,1.0,correlated_bursts_1000000_101_ols.csv,54.0,1000000.0,20970318.0,11880679.0,2.0589759579988822,0.216749589000301,4.731347237000364,5.55062381200014,20.0,waves,20.0,"0.66970400,0.70123247,0.61337704,0.66274753",,
FISTA,10000,4,18.0,14.0,1.2857142857142858,0.2279769570009193,0.232749442000113,20,0.7192295999312842,0.6724378186852844,0.7640882140112806,10000,True,correlated_bursts,102,1.0,correlated_bursts_10000_102_fista.csv,38.0,10000.0,198110.0,97517.0,0.0203847819993825,0.0030579550016227,0.0372794649993011,0.1630597870007477,18.0,waves,18.0,"0.76997227,0.70376308,0.73074523,0.67243782",,
MP,100000,4,19.0,14.0,1.3571428571428572,1.173985766999067,1.2101714600003106,30,0.6643055140496033,0.6197738487051244,0.7165156938079617,100000,True,complementary,108,1.0,complementary_100000_108_mp.csv,49.0,100000.0,2414977.0,1203404.0,0.2059730930013756,0.0226483730002655,0.0164316920017881,0.9012026770014928,19.0,waves,19.0,"0.62608598,0.61977385,0.72115909,0.69020314",,
OLS,100000,4,18.0,15.0,1.2,2.5095620400006737,2.5480939379999654,24,0.7245547415452533,0.6607710795349545,0.8022240416019757,100000,True,iid,104,1.0,iid_100000_104_ols.csv,42.0,100000.0,1828244.0,1015442.0,0.1717400830011684,0.0189799770000718,1.5713423419992978,0.7238294390012925,18.0,waves,18.0,"0.66077108,0.80916822,0.76287371,0.66540595",,
MP,100000,4,20.0,14.0,1.4285714285714286,1.046355069999663,1.0827628379997805,25,0.6539282756003935,0.6222371776361465,0.689552393283995,100000,True,correlated_bursts,105,1.0,correlated_bursts_100000_105_mp.csv,45.0,100000.0,2040673.0,1098058.0,0.1875086119985098,0.0200912440004685,0.0148406450011862,0.8004591349999828,20.0,waves,20.0,"0.65197907,0.62223718,0.64531388,0.69618298",,
IRLS,100000,4,20.0,15.0,1.3333333333333333,1.3902943010020865,1.426749066999946,26,0.6655750342243414,0.610460916512847,0.7099235329049151,100000,True,correlated_bursts,106,1.0,correlated_bursts_100000_106_irls.csv,46.0,100000.0,2165547.0,1152947.0,0.2434679950010831,0.0214300780003213,0.1058300450013121,0.9927903229995536,20.0,waves,20.0,"0.61046092,0.65222903,0.71426001,0.68535019",,
FISTA,10000,4,18.0,15.0,1.2,0.2390403119998154,0.2443200170000636,20,0.6937572067920809,0.6339614388783773,0.8020906770414775,10000,True,correlated_bursts,107,1.0,correlated_bursts_10000_107_fista.csv,38.0,10000.0,204224.0,101893.0,0.0215322969997941,0.003102572998614,0.0408013849996677,0.1694685420006862,18.0,waves,18.0,"0.63396144,0.82444900,0.67539349,0.64122489",,
IRLS,100000,4,19.0,15.0,1.2666666666666666,1.2900058889986212,1.355327168000258,29,0.6859252914283465,0.5982295059186534,0.7681705471482297,100000,True,correlated_bursts,100,1.0,correlated_bursts_100000_100_irls.csv,48.0,100000.0,2116967.0,1067909.0,0.2587494560020786,0.0197866900002736,0.0770584790002431,0.8777253390003352,19.0,waves,19.0,"0.78180179,0.67274305,0.59822951,0.69092682",,
OMP,100000,4,19.0,14.0,1.3571428571428572,1.0001765950014487,1.037133007999728,27,0.6883455532635722,0.6549865027748911,0.7258446245094684,100000,True,correlated_bursts,105,1.0,correlated_bursts_100000_105_omp.csv,46.0,100000.0,2068754.0,1045813.0,0.182505602999754,0.0191562020022502,0.0181868089994168,0.7567297259993211,19.0,waves,19.0,"0.68629375,0.65498650,0.67927777,0.73282419",,
MP,10000,4,18.0,15.0,1.2,0.2024508300000889,0.2072524850000263,20,0.6937572067920809,0.6339614388783773,0.8020906770414775,10000,True,correlated_bursts,107,1.0,correlated_bursts_10000_107_mp.csv,38.0,10000.0,204224.0,101893.0,0.0212236679990382,0.0031716959992991,0.0055771329984963,0.1686293010020563,18.0,waves,18.0,"0.63396144,0.82444900,0.67539349,0.64122489",,
IRLS,10000,4,16.0,14.0,1.1428571428571428,0.1899226390028161,0.1946855450000839,19,0.7919985051947335,0.7252037571191787,0.8285675566209852,10000,True,correlated_bursts,103,1.0,correlated_bursts_10000_103_irls.csv,35.0,10000.0,184347.0,88050.0,0.0192902959984166,0.002629664998949,0.0143889339988163,0.1498848300011559,16.0,waves,16.0,"0.83092530,0.72520376,0.79665795,0.81520702",,
OLS,100000,4,22.0,15.0,1.4666666666666666,2.7922570619975886,2.8317262790001223,26,0.5994460190585978,0.5602989108815699,0.6356476017190579,100000,True,complementary,106,1.0,complementary_100000_106_ols.csv,48.0,100000.0,2093301.0,1078875.0,0.1889546329985023,0.0202928709986736,1.7488062289985464,0.8089551789971665,22.0,waves,22.0,"0.56029891,0.60254541,0.64148917,0.59345059",,
IRLS,1000000,4,19.0,15.0,1.2666666666666666,9.82848592599953,10.24207004599998,34,0.6574115280786387,0.6015722671194579,0.7630431076517405,1000000,True,correlated_bursts,107,1.0,correlated_bursts_1000000_107_irls.csv,53.0,1000000.0,23782450.0,12223892.0,2.322851298999467,0.2787660550004602,0.7721321669998815,6.157315425999968,19.0,waves,19.0,"0.60157227,0.78568544,0.63473655,0.60765185",,
FIFO-Windowed,1000000,4,36.0,15.0,2.4,0.0314988499999344,0.0314988499999344,36,,,,1000000,True,correlated_bursts,107,1.0,correlated_bursts_1000000_107_baseline.csv,,,,,,,,,,,,,,
Kahn-FIFO,1000000,4,36.0,15.0,2.4,0.0314988499999344,0.0314988499999344,36,,,,1000000,True,correlated_bursts,107,1.0,correlated_bursts_1000000_107_baseline.csv,,,,,,,,,,,,,,
LangChain-FCFS-policy,1000000,4,36.0,15.0,2.4,0.0314988499999344,0.0314988499999344,36,,,,1000000,True,correlated_bursts,107,1.0,correlated_bursts_1000000_107_baseline.csv,,,,,,,,,,,,,,
LangGraph-FCFS-policy,1000000,4,36.0,15.0,2.4,0.0314988499999344,0.0314988499999344,36,,,,1000000,True,correlated_bursts,107,1.0,correlated_bursts_1000000_107_baseline.csv,,,,,,,,,,,,,,
FIFO-Strict,1000000,4,36.0,15.0,2.4,0.0043995409998842,0.0043995409998842,36,,,,1000000,True,correlated_bursts,107,1.0,correlated_bursts_1000000_107_baseline.csv,,,,,,,,,,,,,,
MP,100000,4,18.0,15.0,1.2,1.0261340140027642,1.06233126799998,26,0.7234426456259356,0.6290132655866058,0.8067166568636585,100000,True,iid,100,1.0,iid_100000_100_mp.csv,44.0,100000.0,2060031.0,1099905.0,0.1875314539988721,0.0207265530016229,0.0148316820004765,0.7780896740009666,18.0,waves,18.0,"0.82057339,0.71598878,0.62901327,0.72819515",,
FIFO-Windowed,100000,4,15.0,15.0,1.0,0.0017593739999028,0.0017593739999028,15,,,,100000,True,iid,106,1.0,iid_100000_106_baseline.csv,,,,,,,,,,,,,,
Kahn-FIFO,100000,4,15.0,15.0,1.0,0.0017593739999028,0.0017593739999028,15,,,,100000,True,iid,106,1.0,iid_100000_106_baseline.csv,,,,,,,,,,,,,,
LangChain-FCFS-policy,100000,4,15.0,15.0,1.0,0.0017593739999028,0.0017593739999028,15,,,,100000,True,iid,106,1.0,iid_100000_106_baseline.csv,,,,,,,,,,,,,,
LangGraph-FCFS-policy,100000,4,15.0,15.0,1.0,0.0017593739999028,0.0017593739999028,15,,,,100000,True,iid,106,1.0,iid_100000_106_baseline.csv,,,,,,,,,,,,,,
FIFO-Strict,100000,4,15.0,15.0,1.0,0.0004676019998441,0.0004676019998441,15,,,,100000,True,iid,106,1.0,iid_100000_106_baseline.csv,,,,,,,,,,,,,,
FISTA,1000000,4,18.0,15.0,1.2,10.509112635999829,10.900507289000188,33,0.7249440784610831,0.6590872554205789,0.8039003480505639,1000000,True,correlated_bursts,104,1.0,correlated_bursts_1000000_104_fista.csv,51.0,1000000.0,21151218.0,11984580.0,2.099634370999638,0.2180367939997722,1.976103057999808,5.921604333999312,18.0,waves,18.0,"0.65908726,0.81048456,0.76658979,0.66361471",,
OMP,100000,4,18.0,13.0,1.3846153846153846,0.9881165780011544,1.0238029739998638,28,0.6970938800948637,0.6752876623838477,0.7200739629268537,100000,True,complementary,103,1.0,complementary_100000_103_omp.csv,46.0,100000.0,1883226.0,1011601.0,0.1734732909994818,0.0194545550002658,0.0177675700006147,0.7539056090013219,18.0,waves,18.0,"0.70915641,0.67528766,0.68193086,0.72200059",,
MP,100000,4,18.0,14.0,1.2857142857142858,1.0892560470001629,1.1279204580000624,27,0.735082591325431,0.6807762428696067,0.7725583812924159,100000,True,correlated_bursts,101,1.0,correlated_bursts_100000_101_mp.csv,45.0,100000.0,2069338.0,1077825.0,0.1918945950001216,0.0206410329988102,0.0154464429983818,0.8361738980015616,18.0,waves,18.0,"0.74438681,0.77752984,0.68077624,0.73763748",,
MP,100000,4,19.0,15.0,1.2666666666666666,1.177927323001768,1.2142031770003996,28,0.6699097923638319,0.6218227876712565,0.7360623754686305,100000,True,correlated_bursts,108,1.0,correlated_bursts_100000_108_mp.csv,47.0,100000.0,2253076.0,1182629.0,0.1993463059993701,0.0218172200020489,0.0162290680004844,0.9146292370014636,19.0,waves,19.0,"0.62252511,0.62182279,0.69133601,0.74395526",,
IRLS,100000,4,19.0,15.0,1.2666666666666666,1.3847634470025696,1.4236548659996515,26,0.6940953904889028,0.6487671599681336,0.736013012516804,100000,True,complementary,106,1.0,complementary_100000_106_irls.csv,45.0,100000.0,2144533.0,1144331.0,0.2499720709979556,0.0214732430017647,0.0869512650010619,0.9809697779992348,19.0,waves,19.0,"0.64876716,0.69768416,0.74277693,0.68715332",,
IRLS,100000,4,18.0,14.0,1.2857142857142858,1.4181991839996044,1.4592052329999206,27,0.7157862565238828,0.6863613644394169,0.7566666281083292,100000,True,complementary,100,1.0,complementary_100000_100_irls.csv,45.0,100000.0,2043943.0,1080743.0,0.2148575989995151,0.0216570520001369,0.0847571349986537,1.0664296969994211,18.0,waves,18.0,"0.76223763,0.68944840,0.72509763,0.68636136",,
OLS,10000,4,20.0,14.0,1.4285714285714286,0.9043398520020672,0.9113351360001616,20,0.6537488087632258,0.5967322451734542,0.6946555340389013,10000,True,correlated_bursts,109,1.0,correlated_bursts_10000_109_ols.csv,40.0,10000.0,187932.0,98966.0,0.0213579709998157,0.0030351640002663,0.707539665999775,0.1682831199996144,20.0,waves,20.0,"0.68552074,0.59673225,0.63647469,0.69626756",,
FIFO-Windowed,10000,4,35.0,15.0,2.333333333333333,0.0003780289998758,0.0003780289998758,35,,,,10000,True,correlated_bursts,108,1.0,correlated_bursts_10000_108_baseline.csv,,,,,,,,,,,,,,
Kahn-FIFO,10000,4,35.0,15.0,2.333333333333333,0.0003780289998758,0.0003780289998758,35,,,,10000,True,correlated_bursts,108,1.0,correlated_bursts_10000_108_baseline.csv,,,,,,,,,,,,,,
LangChain-FCFS-policy,10000,4,35.0,15.0,2.333333333333333,0.0003780289998758,0.0003780289998758,35,,,,10000,True,correlated_bursts,108,1.0,correlated_bursts_10000_108_baseline.csv,,,,,,,,,,,,,,
LangGraph-FCFS-policy,10000,4,35.0,15.0,2.333333333333333,0.0003780289998758,0.0003780289998758,35,,,,10000,True,correlated_bursts,108,1.0,correlated_bursts_10000_108_baseline.csv,,,,,,,,,,,,,,
FIFO-Strict,10000,4,35.0,15.0,2.333333333333333,4.461600019567413e-05,4.461600019567413e-05,35,,,,10000,True,correlated_bursts,108,1.0,correlated_bursts_10000_108_baseline.csv,,,,,,,,,,,,,,
FIFO-Windowed,1000000,4,37.0,15.0,2.466666666666667,0.0326994869999452,0.0326994869999452,37,,,,1000000,True,correlated_bursts,101,1.0,correlated_bursts_1000000_101_baseline.csv,,,,,,,,,,,,,,
Kahn-FIFO,1000000,4,37.0,15.0,2.466666666666667,0.0326994869999452,0.0326994869999452,37,,,,1000000,True,correlated_bursts,101,1.0,correlated_bursts_1000000_101_baseline.csv,,,,,,,,,,,,,,
LangChain-FCFS-policy,1000000,4,37.0,15.0,2.466666666666667,0.0326994869999452,0.0326994869999452,37,,,,1000000,True,correlated_bursts,101,1.0,correlated_bursts_1000000_101_baseline.csv,,,,,,,,,,,,,,
LangGraph-FCFS-policy,1000000,4,37.0,15.0,2.466666666666667,0.0326994869999452,0.0326994869999452,37,,,,1000000,True,correlated_bursts,101,1.0,correlated_bursts_1000000_101_baseline.csv,,,,,,,,,,,,,,
FIFO-Strict,1000000,4,37.0,15.0,2.466666666666667,0.0043923109999468,0.0043923109999468,37,,,,1000000,True,correlated_bursts,101,1.0,correlated_bursts_1000000_101_baseline.csv,,,,,,,,,,,,,,
OMP,1000000,4,19.0,14.0,1.3571428571428572,10.01751616399929,10.416191680999871,38,0.6875983758072666,0.6530899435995838,0.724241670388115,1000000,True,correlated_bursts,105,1.0,correlated_bursts_1000000_105_omp.csv,57.0,1000000.0,22976777.0,13907094.0,2.383456863001129,0.2194892279992473,0.0961563460000434,6.979731539000795,19.0,waves,19.0,"0.68840404,0.65308994,0.67833356,0.73056596",,
OMP,100000,4,20.0,15.0,1.3333333333333333,1.0201600949999374,1.0559006550001868,24,0.6429263033830326,0.5854101032241981,0.7223805291641832,100000,True,complementary,102,1.0,complementary_100000_102_omp.csv,44.0,100000.0,1948359.0,1065321.0,0.1806893090010817,0.0199719099987305,0.0176208210000368,0.7774026880006204,20.0,waves,20.0,"0.73277480,0.58541010,0.66347969,0.59004063",,
OLS,100000,4,17.0,14.0,1.2142857142857142,2.6509314429999904,2.689430454000103,24,0.7424591039377919,0.6926884191410214,0.8008116577853689,100000,True,complementary,108,1.0,complementary_100000_108_ols.csv,41.0,100000.0,1637389.0,903891.0,0.1540579439988505,0.0176736799994614,1.7425716400007332,0.7147151289996145,17.0,waves,17.0,"0.69974316,0.69268842,0.80600133,0.77140351",,
OMP,10000,4,23.0,15.0,1.5333333333333334,0.2640174189991739,0.2691641970000091,24,0.5794641108374665,0.5309977441041366,0.6191485043861901,10000,True,correlated_bursts,106,1.0,correlated_bursts_10000_106_omp.csv,47.0,10000.0,241386.0,124877.0,0.0263496840016159,0.0038978469992798,0.0094885129983595,0.2195679630008271,23.0,waves,23.0,"0.53099774,0.55606858,0.62075712,0.61003299",,
OMP,100000,4,19.0,14.0,1.3571428571428572,1.0273392649987727,1.063645464000274,26,0.682521753217923,0.6399517429560109,0.7255389482519753,100000,True,iid,102,1.0,iid_100000_102_omp.csv,45.0,100000.0,1997553.0,1045265.0,0.1785556589989028,0.0203552470006798,0.0178738830013571,0.7859348169995428,19.0,waves,19.0,"0.72989947,0.65940647,0.70082933,0.63995174",,
FISTA,100000,4,18.0,15.0,1.2,1.4408680849996929,1.4810834849999992,28,0.7234426456259356,0.6290132655866058,0.8067166568636585,100000,True,iid,100,1.0,iid_100000_100_fista.csv,46.0,100000.0,2122999.0,1111141.0,0.2870326919996842,0.0214422190010736,0.1519406259985771,0.9344488930005356,18.0,waves,18.0,"0.82057339,0.71598878,0.62901327,0.72819515",,
OLS,100000,4,21.0,15.0,1.4,2.986049021000781,3.026452360000349,26,0.6205990731970753,0.541255267259734,0.6950114474198269,100000,True,correlated_bursts,100,1.0,correlated_bursts_100000_100_ols.csv,47.0,100000.0,2146282.0,1158308.0,0.2034756000007291,0.0216405339997436,1.854845913000645,0.8790415550006401,21.0,waves,21.0,"0.70734448,0.60867228,0.54125527,0.62512426",,
FISTA,100000,4,19.0,14.0,1.3571428571428572,1.5592283280002448,1.6212593929999457,27,0.6643055140496033,0.6197738487051244,0.7165156938079617,100000,True,complementary,108,1.0,complementary_100000_108_fista.csv,46.0,100000.0,2328061.0,1193338.0,0.2423992079998242,0.022390765000182,0.2782480130013027,0.9872134799998094,19.0,waves,19.0,"0.62608598,0.61977385,0.72115909,0.69020314",,
MP,100000,4,18.0,15.0,1.2,1.0338480210002672,1.0727613799999745,26,0.7245953990182612,0.66072888385393,0.8014776745685737,100000,True,correlated_bursts,104,1.0,correlated_bursts_100000_104_mp.csv,44.0,100000.0,1964037.0,1049590.0,0.1829053239989662,0.0200934330023301,0.0156645639995076,0.7900118290003775,18.0,waves,18.0,"0.66072888,0.80772559,0.76607280,0.66385432",,
MP,100000,4,16.0,14.0,1.1428571428571428,0.9109932380001736,0.945952741000383,23,0.7930714918281883,0.7296058545644084,0.8310097895973871,100000,True,iid,103,1.0,iid_100000_103_mp.csv,39.0,100000.0,1794536.0,996196.0,0.1648238190009578,0.01871307600004,0.0133406449999711,0.6913553270001103,16.0,waves,16.0,"0.83409704,0.72960585,0.79506769,0.81351539",,
MP,100000,4,18.0,15.0,1.2,1.01172364400054,1.0488121849998606,24,0.735367788218635,0.6811581495130503,0.7766272783689764,100000,True,iid,101,1.0,iid_100000_101_mp.csv,42.0,100000.0,1937100.0,1045383.0,0.1767607580000003,0.0198921990013332,0.0141130599995449,0.7763459540010444,18.0,waves,18.0,"0.74157627,0.78281275,0.68115815,0.73592398",,
FIFO-Windowed,1000000,4,35.0,14.0,2.5,0.03088420999984,0.03088420999984,35,,,,1000000,True,correlated_bursts,102,1.0,correlated_bursts_1000000_102_baseline.csv,,,,,,,,,,,,,,
Kahn-FIFO,1000000,4,35.0,14.0,2.5,0.03088420999984,0.03088420999984,35,,,,1000000,True,correlated_bursts,102,1.0,correlated_bursts_1000000_102_baseline.csv,,,,,,,,,,,,,,
LangChain-FCFS-policy,1000000,4,35.0,14.0,2.5,0.03088420999984,0.03088420999984,35,,,,1000000,True,correlated_bursts,102,1.0,correlated_bursts_1000000_102_baseline.csv,,,,,,,,,,,,,,
LangGraph-FCFS-policy,1000000,4,35.0,14.0,2.5,0.03088420999984,0.03088420999984,35,,,,1000000,True,correlated_bursts,102,1.0,correlated_bursts_1000000_102_baseline.csv,,,,,,,,,,,,,,
FIFO-Strict,1000000,4,35.0,14.0,2.5,0.0042834990001665,0.0042834990001665,35,,,,1000000,True,correlated_bursts,102,1.0,correlated_bursts_1000000_102_baseline.csv,,,,,,,,,,,,,,
FIFO-Windowed,100000,4,15.0,15.0,1.0,0.0015091340001163,0.0015091340001163,15,,,,100000,True,iid,100,1.0,iid_100000_100_baseline.csv,,,,,,,,,,,,,,
Kahn-FIFO,100000,4,15.0,15.0,1.0,0.0015091340001163,0.0015091340001163,15,,,,100000,True,iid,100,1.0,iid_100000_100_baseline.csv,,,,,,,,,,,,,,
LangChain-FCFS-policy,100000,4,15.0,15.0,1.0,0.0015091340001163,0.0015091340001163,15,,,,100000,True,iid,100,1.0,iid_100000_100_baseline.csv,,,,,,,,,,,,,,
LangGraph-FCFS-policy,100000,4,15.0,15.0,1.0,0.0015091340001163,0.0015091340001163,15,,,,100000,True,iid,100,1.0,iid_100000_100_baseline.csv,,,,,,,,,,,,,,
FIFO-Strict,100000,4,15.0,15.0,1.0,0.0004220450000502,0.0004220450000502,15,,,,100000,True,iid,100,1.0,iid_100000_100_baseline.csv,,,,,,,,,,,,,,
FIFO-Windowed,100000,4,14.0,14.0,1.0,0.0014779470002395,0.0014779470002395,14,,,,100000,True,complementary,100,1.0,complementary_100000_100_baseline.csv,,,,,,,,,,,,,,
Kahn-FIFO,100000,4,14.0,14.0,1.0,0.0014779470002395,0.0014779470002395,14,,,,100000,True,complementary,100,1.0,complementary_100000_100_baseline.csv,,,,,,,,,,,,,,
LangChain-FCFS-policy,100000,4,14.0,14.0,1.0,0.0014779470002395,0.0014779470002395,14,,,,100000,True,complementary,100,1.0,complementary_100000_100_baseline.csv,,,,,,,,,,,,,,
LangGraph-FCFS-policy,100000,4,14.0,14.0,1.0,0.0014779470002395,0.0014779470002395,14,,,,100000,True,complementary,100,1.0,complementary_100000_100_baseline.csv,,,,,,,,,,,,,,
FIFO-Strict,100000,4,14.0,14.0,1.0,0.0004221050003252,0.0004221050003252,14,,,,100000,True,complementary,100,1.0,complementary_100000_100_baseline.csv,,,,,,,,,,,,,,
IRLS,100000,4,17.0,14.0,1.2142857142857142,1.0940508479980051,1.1558577519999744,25,0.758128271626047,0.6969402738298154,0.8142088133880063,100000,True,complementary,109,1.0,complementary_100000_109_irls.csv,42.0,100000.0,1863840.0,964921.0,0.1805161080010293,0.019065457000579,0.0801891259989133,0.7894897039996067,17.0,waves,17.0,"0.79871252,0.71991684,0.69694027,0.81694345",,
IRLS,100000,4,18.0,14.0,1.2857142857142858,1.20167771099932,1.237389063000137,29,0.7137222384875792,0.6776785811008348,0.7429933716992625,100000,True,complementary,104,1.0,complementary_100000_104_irls.csv,47.0,100000.0,2223926.0,1077207.0,0.1937035640012254,0.0202199420014039,0.0674885099983839,0.8939234579988806,18.0,waves,18.0,"0.69794574,0.74443382,0.73483081,0.67767858",,
IRLS,100000,4,18.0,15.0,1.2,1.2182325659991875,1.2574088030000894,26,0.7252019394280291,0.6573773342316239,0.7747800748757433,100000,True,correlated_bursts,109,1.0,correlated_bursts_100000_109_irls.csv,44.0,100000.0,1998094.0,1038352.0,0.1892037050001818,0.0198033899996517,0.0728737769995859,0.9109990799997832,18.0,waves,18.0,"0.75563870,0.65737733,0.70963376,0.77815797",,
OMP,100000,4,18.0,15.0,1.2,1.0515034340000966,1.0880486609999025,28,0.6936374138210879,0.6346054571227674,0.8048403851589097,100000,True,iid,107,1.0,iid_100000_107_omp.csv,46.0,100000.0,2011629.0,1065244.0,0.1941871180019916,0.0202919109983668,0.0191759610011104,0.7923153829992771,18.0,waves,18.0,"0.63460546,0.82922860,0.66664051,0.64407509",,
OLS,1000000,4,21.0,14.0,1.5,13.577180338000062,13.974000993000118,35,0.6173518996369555,0.5790066843122831,0.6552598121718448,1000000,True,correlated_bursts,102,1.0,correlated_bursts_1000000_102_ols.csv,56.0,1000000.0,21056840.0,12513551.0,2.2586806459999025,0.2401501430006192,4.651484124999797,6.14531428100031,21.0,waves,21.0,"0.65867527,0.59582008,0.63590557,0.57900668",,
MP,100000,4,19.0,15.0,1.2666666666666666,1.1055438040011722,1.1410793289996946,27,0.6701761946347303,0.6207276709458702,0.7364462968861721,100000,True,iid,108,1.0,iid_100000_108_mp.csv,46.0,100000.0,2214336.0,1162787.0,0.1953217060004135,0.0214554970002609,0.0163036589988223,0.8451262620001216,19.0,waves,19.0,"0.62072767,0.62259256,0.69332938,0.74405516",,
FISTA,100000,4,18.0,14.0,1.2857142857142858,1.4198387729993556,1.457841088999885,25,0.6882119595830529,0.6623818205217962,0.7273568492472217,100000,True,complementary,107,1.0,complementary_100000_107_fista.csv,43.0,100000.0,2045667.0,1115285.0,0.2147628219986472,0.0211317919979592,0.2036331629988126,0.9531483399991884,18.0,waves,18.0,"0.67022980,0.68549134,0.73474488,0.66238182",,
OMP,10000,4,21.0,14.0,1.5,0.2448027719997298,0.2499787319998176,22,0.6034274325293207,0.5525361959003267,0.6312895669493221,10000,True,correlated_bursts,103,1.0,correlated_bursts_10000_103_omp.csv,43.0,10000.0,217634.0,109278.0,0.0242460230006145,0.0034564570014481,0.0088322159999734,0.2040066609997666,21.0,waves,21.0,"0.63308594,0.55253620,0.60697748,0.62111011",,
IRLS,100000,4,20.0,15.0,1.3333333333333333,1.4306432700009282,1.4681385650001175,29,0.6364143027456403,0.5907316482876936,0.6992592566951991,100000,True,correlated_bursts,108,1.0,correlated_bursts_100000_108_irls.csv,49.0,100000.0,2414205.0,1210989.0,0.3019332459989527,0.021885008002755,0.0982262829975297,0.980735477001872,20.0,waves,20.0,"0.59139885,0.59073165,0.65676921,0.70675750",,
OMP,10000,4,21.0,15.0,1.4,0.2284996750004211,0.2336771750001389,21,0.62137824544812,0.5479913203610314,0.6985894251193319,10000,True,correlated_bursts,100,1.0,correlated_bursts_10000_100_omp.csv,42.0,10000.0,204002.0,107001.0,0.0235687330000473,0.003362337999988,0.0083814870017704,0.1890706829994997,21.0,waves,21.0,"0.71245114,0.60503081,0.54799132,0.62003971",,
OMP,1000000,4,19.0,14.0,1.3571428571428572,7.913739356000406,8.300944931000004,32,0.6678827597380103,0.6206802240119399,0.6948762393780215,1000000,True,correlated_bursts,103,1.0,correlated_bursts_1000000_103_omp.csv,51.0,1000000.0,19911968.0,11061059.0,1.9870006140001808,0.1885694850000163,0.0921742230002564,5.361394994999728,19.0,waves,19.0,"0.69608772,0.62068022,0.66675192,0.68801118",,
OMP,10000,4,21.0,14.0,1.5,0.213376169001549,0.218459380999775,25,0.6219800974615037,0.5914714909175086,0.6587974244774334,10000,True,correlated_bursts,105,1.0,correlated_bursts_10000_105_omp.csv,46.0,10000.0,210828.0,102232.0,0.0220088899995971,0.0031840560000091,0.0088232419993801,0.1754942480010868,21.0,waves,21.0,"0.61732047,0.59147149,0.61301154,0.66611689",,
IRLS,10000,4,19.0,14.0,1.3571428571428572,0.2109093879998909,0.2157234830001471,20,0.6813754104612166,0.6370463545439536,0.7238730448527921,10000,True,correlated_bursts,102,1.0,correlated_bursts_10000_102_irls.csv,39.0,10000.0,194471.0,97607.0,0.0209633300000859,0.0029887140003665,0.0175641239993638,0.1654176300016843,19.0,waves,19.0,"0.72944741,0.66672292,0.69228495,0.63704635",,
FISTA,10000,4,15.0,14.0,1.0714285714285714,0.1949019970006702,0.1994403220001004,16,0.8447984055410491,0.7735506742604573,0.883805393729051,10000,True,correlated_bursts,103,1.0,correlated_bursts_10000_103_fista.csv,31.0,10000.0,164574.0,86917.0,0.0179469929998958,0.0026655110013962,0.0314427950006575,0.1392626970000492,15.0,waves,15.0,"0.88632032,0.77355067,0.84976848,0.86955415",,
FIFO-Windowed,1000000,4,35.0,15.0,2.333333333333333,0.0329801520001638,0.0329801520001638,35,,,,1000000,True,correlated_bursts,109,1.0,correlated_bursts_1000000_109_baseline.csv,,,,,,,,,,,,,,
Kahn-FIFO,1000000,4,35.0,15.0,2.333333333333333,0.0329801520001638,0.0329801520001638,35,,,,1000000,True,correlated_bursts,109,1.0,correlated_bursts_1000000_109_baseline.csv,,,,,,,,,,,,,,
LangChain-FCFS-policy,1000000,4,35.0,15.0,2.333333333333333,0.0329801520001638,0.0329801520001638,35,,,,1000000,True,correlated_bursts,109,1.0,correlated_bursts_1000000_109_baseline.csv,,,,,,,,,,,,,,
LangGraph-FCFS-policy,1000000,4,35.0,15.0,2.333333333333333,0.0329801520001638,0.0329801520001638,35,,,,1000000,True,correlated_bursts,109,1.0,correlated_bursts_1000000_109_baseline.csv,,,,,,,,,,,,,,
FIFO-Strict,1000000,4,35.0,15.0,2.333333333333333,0.0043901079998249,0.0043901079998249,35,,,,1000000,True,correlated_bursts,109,1.0,correlated_bursts_1000000_109_baseline.csv,,,,,,,,,,,,,,
FIFO-Windowed,100000,4,15.0,15.0,1.0,0.0015310660000977,0.0015310660000977,15,,,,100000,True,complementary,102,1.0,complementary_100000_102_baseline.csv,,,,,,,,,,,,,,
Kahn-FIFO,100000,4,15.0,15.0,1.0,0.0015310660000977,0.0015310660000977,15,,,,100000,True,complementary,102,1.0,complementary_100000_102_baseline.csv,,,,,,,,,,,,,,
LangChain-FCFS-policy,100000,4,15.0,15.0,1.0,0.0015310660000977,0.0015310660000977,15,,,,100000,True,complementary,102,1.0,complementary_100000_102_baseline.csv,,,,,,,,,,,,,,
LangGraph-FCFS-policy,100000,4,15.0,15.0,1.0,0.0015310660000977,0.0015310660000977,15,,,,100000,True,complementary,102,1.0,complementary_100000_102_baseline.csv,,,,,,,,,,,,,,
FIFO-Strict,100000,4,15.0,15.0,1.0,0.0004248489999554,0.0004248489999554,15,,,,100000,True,complementary,102,1.0,complementary_100000_102_baseline.csv,,,,,,,,,,,,,,
FIFO-Windowed,100000,4,15.0,15.0,1.0,0.001603803999842,0.001603803999842,15,,,,100000,True,iid,107,1.0,iid_100000_107_baseline.csv,,,,,,,,,,,,,,
Kahn-FIFO,100000,4,15.0,15.0,1.0,0.001603803999842,0.001603803999842,15,,,,100000,True,iid,107,1.0,iid_100000_107_baseline.csv,,,,,,,,,,,,,,
LangChain-FCFS-policy,100000,4,15.0,15.0,1.0,0.001603803999842,0.001603803999842,15,,,,100000,True,iid,107,1.0,iid_100000_107_baseline.csv,,,,,,,,,,,,,,
LangGraph-FCFS-policy,100000,4,15.0,15.0,1.0,0.001603803999842,0.001603803999842,15,,,,100000,True,iid,107,1.0,iid_100000_107_baseline.csv,,,,,,,,,,,,,,
FIFO-Strict,100000,4,15.0,15.0,1.0,0.0004475430000638,0.0004475430000638,15,,,,100000,True,iid,107,1.0,iid_100000_107_baseline.csv,,,,,,,,,,,,,,
FISTA,100000,4,20.0,14.0,1.4285714285714286,1.454702859002282,1.4946397280000383,27,0.6539282756003935,0.6222371776361465,0.689552393283995,100000,True,correlated_bursts,105,1.0,correlated_bursts_100000_105_fista.csv,47.0,100000.0,2130233.0,1117425.0,0.2388697999999749,0.0204427639987443,0.2426578779982264,0.9264935910000532,20.0,waves,20.0,"0.65197907,0.62223718,0.64531388,0.69618298",,
FIFO-Windowed,1000000,4,35.0,15.0,2.333333333333333,0.0308037110000896,0.0308037110000896,35,,,,1000000,True,correlated_bursts,108,1.0,correlated_bursts_1000000_108_baseline.csv,,,,,,,,,,,,,,
Kahn-FIFO,1000000,4,35.0,15.0,2.333333333333333,0.0308037110000896,0.0308037110000896,35,,,,1000000,True,correlated_bursts,108,1.0,correlated_bursts_1000000_108_baseline.csv,,,,,,,,,,,,,,
LangChain-FCFS-policy,1000000,4,35.0,15.0,2.333333333333333,0.0308037110000896,0.0308037110000896,35,,,,1000000,True,correlated_bursts,108,1.0,correlated_bursts_1000000_108_baseline.csv,,,,,,,,,,,,,,
LangGraph-FCFS-policy,1000000,4,35.0,15.0,2.333333333333333,0.0308037110000896,0.0308037110000896,35,,,,1000000,True,correlated_bursts,108,1.0,correlated_bursts_1000000_108_baseline.csv,,,,,,,,,,,,,,
FIFO-Strict,1000000,4,35.0,15.0,2.333333333333333,0.0042905909999717,0.0042905909999717,35,,,,1000000,True,correlated_bursts,108,1.0,correlated_bursts_1000000_108_baseline.csv,,,,,,,,,,,,,,
OMP,100000,4,20.0,15.0,1.3333333333333333,1.1240789030016458,1.1612073199999031,27,0.6246966786324482,0.5714890193147659,0.7254325450604955,100000,True,correlated_bursts,107,1.0,correlated_bursts_100000_107_omp.csv,47.0,100000.0,2096323.0,1135755.0,0.1924740420004127,0.021408094999515,0.0193609859993557,0.8646583620006822,20.0,waves,20.0,"0.57148902,0.74687569,0.60392139,0.57650061",,
OLS,100000,4,19.0,14.0,1.3571428571428572,2.760036074999789,2.7987058220001018,26,0.682521753217923,0.6399517429560109,0.7255389482519753,100000,True,iid,102,1.0,iid_100000_102_ols.csv,45.0,100000.0,1997553.0,1045265.0,0.1811520979986198,0.020063194001068,1.7359208140005649,0.7979355600004965,19.0,waves,19.0,"0.72989947,0.65940647,0.70082933,0.63995174",,
MP,10000,4,17.0,15.0,1.1333333333333333,0.18490462300133,0.1895847749997301,18,0.7675505740228822,0.7010849119130302,0.8450177552984275,10000,True,correlated_bursts,104,1.0,correlated_bursts_10000_104_mp.csv,35.0,10000.0,180448.0,93734.0,0.0191588419993422,0.0028932029995303,0.0049953530010498,0.154361837000124,17.0,waves,17.0,"0.70866680,0.85135738,0.80909321,0.70108491",,
IRLS,100000,4,20.0,15.0,1.3333333333333333,1.3149192829996537,1.3542191480000838,27,0.6246966786324482,0.5714890193147659,0.7254325450604955,100000,True,correlated_bursts,107,1.0,correlated_bursts_100000_107_irls.csv,47.0,100000.0,2142590.0,1126991.0,0.2249143449976145,0.0207574599994586,0.0624245260014504,0.9556079019985192,20.0,waves,20.0,"0.57148902,0.74687569,0.60392139,0.57650061",,
OLS,100000,4,19.0,14.0,1.3571428571428572,2.793374734998906,2.832512662999761,28,0.68529299862092,0.6581151135591875,0.705537917391296,100000,True,complementary,105,1.0,complementary_100000_105_ols.csv,47.0,100000.0,2019294.0,1076664.0,0.1844110140000339,0.0206989349976538,1.75146596300101,0.8111850879990925,19.0,waves,19.0,"0.67338751,0.70583930,0.70383007,0.65811511",,
OMP,100000,4,22.0,15.0,1.4666666666666666,1.069138905001182,1.1093821159997788,26,0.5994460190585978,0.5602989108815699,0.6356476017190579,100000,True,complementary,106,1.0,complementary_100000_106_omp.csv,48.0,100000.0,2093301.0,1078875.0,0.1891092530004243,0.020291864997489,0.0185172980004608,0.8157495310010745,22.0,waves,22.0,"0.56029891,0.60254541,0.64148917,0.59345059",,
FISTA,1000000,4,19.0,14.0,1.3571428571428572,11.376507806999598,11.827755668000009,33,0.6875983758072666,0.6530899435995838,0.724241670388115,1000000,True,correlated_bursts,105,1.0,correlated_bursts_1000000_105_fista.csv,52.0,1000000.0,21759275.0,12646443.0,2.1252431970001453,0.2421018059997095,2.103833729000144,6.591044981000323,19.0,waves,19.0,"0.68840404,0.65308994,0.67833356,0.73056596",,
OLS,100000,4,22.0,15.0,1.4666666666666666,2.9211712839992288,2.961485229000118,25,0.6056536189988436,0.5523362002683408,0.6415627579839157,100000,True,iid,106,1.0,iid_100000_106_ols.csv,47.0,100000.0,2139047.0,1104859.0,0.1951709480026693,0.0210503949992926,1.8262575560006555,0.8511283530010587,22.0,waves,22.0,"0.55233620,0.59525463,0.64329887,0.63172478",,
OMP,100000,4,19.0,15.0,1.2666666666666666,1.0324232959992514,1.0683478129999455,25,0.6966642204176543,0.6453077205913109,0.7357521584548197,100000,True,iid,101,1.0,iid_100000_101_omp.csv,44.0,100000.0,1906919.0,1048704.0,0.1782996359993376,0.0200525089994698,0.0182174750002559,0.7918066570000519,19.0,waves,19.0,"0.70254594,0.74161208,0.64530772,0.69719114",,
OMP,100000,4,22.0,15.0,1.4666666666666666,1.0729066310018425,1.108924429000126,25,0.6056536189988436,0.5523362002683408,0.6415627579839157,100000,True,iid,106,1.0,iid_100000_106_omp.csv,47.0,100000.0,2139047.0,1104859.0,0.1905308579994198,0.0207138650011984,0.0187615279996862,0.8170401640009004,22.0,waves,22.0,"0.55233620,0.59525463,0.64329887,0.63172478",,
FIFO-Windowed,100000,4,36.0,15.0,2.4,0.0038634079996882,0.0038634079996882,36,,,,100000,True,correlated_bursts,107,1.0,correlated_bursts_100000_107_baseline.csv,,,,,,,,,,,,,,
Kahn-FIFO,100000,4,36.0,15.0,2.4,0.0038634079996882,0.0038634079996882,36,,,,100000,True,correlated_bursts,107,1.0,correlated_bursts_100000_107_baseline.csv,,,,,,,,,,,,,,
LangChain-FCFS-policy,100000,4,36.0,15.0,2.4,0.0038634079996882,0.0038634079996882,36,,,,100000,True,correlated_bursts,107,1.0,correlated_bursts_100000_107_baseline.csv,,,,,,,,,,,,,,
LangGraph-FCFS-policy,100000,4,36.0,15.0,2.4,0.0038634079996882,0.0038634079996882,36,,,,100000,True,correlated_bursts,107,1.0,correlated_bursts_100000_107_baseline.csv,,,,,,,,,,,,,,
FIFO-Strict,100000,4,36.0,15.0,2.4,0.0005410510002548,0.0005410510002548,36,,,,100000,True,correlated_bursts,107,1.0,correlated_bursts_100000_107_baseline.csv,,,,,,,,,,,,,,
IRLS,100000,4,21.0,14.0,1.5,1.4070397339964984,1.4449125090000052,24,0.620026998752261,0.5954374836964077,0.6383438300206964,100000,True,complementary,105,1.0,complementary_100000_105_irls.csv,45.0,100000.0,2149909.0,1160265.0,0.2303483770006096,0.0455173939994892,0.1275465669996265,0.97347788199977,21.0,waves,21.0,"0.60925537,0.63861651,0.63679863,0.59543748",,
FISTA,100000,4,18.0,15.0,1.2,1.324908684003276,1.3677255480001804,24,0.732656245516064,0.6848097799663632,0.7769026243232929,100000,True,complementary,106,1.0,complementary_100000_106_fista.csv,42.0,100000.0,1894359.0,1025857.0,0.2360047590045724,0.0197853539989409,0.2316269709999687,0.8108489819983333,18.0,waves,18.0,"0.68480978,0.73644439,0.78404231,0.72532850",,
FIFO-Windowed,100000,4,14.0,14.0,1.0,0.0015199599997686,0.0015199599997686,14,,,,100000,True,iid,102,1.0,iid_100000_102_baseline.csv,,,,,,,,,,,,,,
Kahn-FIFO,100000,4,14.0,14.0,1.0,0.0015199599997686,0.0015199599997686,14,,,,100000,True,iid,102,1.0,iid_100000_102_baseline.csv,,,,,,,,,,,,,,
LangChain-FCFS-policy,100000,4,14.0,14.0,1.0,0.0015199599997686,0.0015199599997686,14,,,,100000,True,iid,102,1.0,iid_100000_102_baseline.csv,,,,,,,,,,,,,,
LangGraph-FCFS-policy,100000,4,14.0,14.0,1.0,0.0015199599997686,0.0015199599997686,14,,,,100000,True,iid,102,1.0,iid_100000_102_baseline.csv,,,,,,,,,,,,,,
FIFO-Strict,100000,4,14.0,14.0,1.0,0.0004232969999975,0.0004232969999975,14,,,,100000,True,iid,102,1.0,iid_100000_102_baseline.csv,,,,,,,,,,,,,,
FIFO-Windowed,100000,4,15.0,15.0,1.0,0.0019458699998722,0.0019458699998722,15,,,,100000,True,complementary,106,1.0,complementary_100000_106_baseline.csv,,,,,,,,,,,,,,
Kahn-FIFO,100000,4,15.0,15.0,1.0,0.0019458699998722,0.0019458699998722,15,,,,100000,True,complementary,106,1.0,complementary_100000_106_baseline.csv,,,,,,,,,,,,,,
LangChain-FCFS-policy,100000,4,15.0,15.0,1.0,0.0019458699998722,0.0019458699998722,15,,,,100000,True,complementary,106,1.0,complementary_100000_106_baseline.csv,,,,,,,,,,,,,,
LangGraph-FCFS-policy,100000,4,15.0,15.0,1.0,0.0019458699998722,0.0019458699998722,15,,,,100000,True,complementary,106,1.0,complementary_100000_106_baseline.csv,,,,,,,,,,,,,,
FIFO-Strict,100000,4,15.0,15.0,1.0,0.0004231460002301,0.0004231460002301,15,,,,100000,True,complementary,106,1.0,complementary_100000_106_baseline.csv,,,,,,,,,,,,,,
IRLS,1000000,4,18.0,15.0,1.2,9.092502756000613,9.480806634999908,32,0.7239362253217995,0.6292734204602329,0.8099392804951236,1000000,True,correlated_bursts,100,1.0,correlated_bursts_1000000_100_irls.csv,50.0,1000000.0,21348213.0,11325790.0,2.1087554789999103,0.2055222429996774,0.8400433879996854,5.660076177000292,18.0,waves,18.0,"0.82385886,0.71155096,0.62927342,0.73106166",,
IRLS,10000,4,19.0,15.0,1.2666666666666666,0.2128181459997904,0.2176838240002325,20,0.7014565552243016,0.6427867428629022,0.7494955579411774,10000,True,correlated_bursts,106,1.0,correlated_bursts_10000_106_irls.csv,39.0,10000.0,199843.0,102109.0,0.0219643460009137,0.0029664009989573,0.0158609649988648,0.1677476039999419,19.0,waves,19.0,"0.64278674,0.67313565,0.75144283,0.73846099",,
OLS,10000,4,21.0,14.0,1.5,0.9456094360007228,0.9518797840000844,25,0.6219800974615037,0.5914714909175086,0.6587974244774334,10000,True,correlated_bursts,105,1.0,correlated_bursts_10000_105_ols.csv,46.0,10000.0,210828.0,102232.0,0.0223914099988178,0.0032009419992391,0.7434276489984768,0.1724096170000848,21.0,waves,21.0,"0.61732047,0.59147149,0.61301154,0.66611689",,
OLS,1000000,4,19.0,14.0,1.3571428571428572,14.4534564960004,14.86067392699988,38,0.6875983758072666,0.6530899435995838,0.724241670388115,1000000,True,correlated_bursts,105,1.0,correlated_bursts_1000000_105_ols.csv,57.0,1000000.0,22976777.0,13907094.0,2.4038245309998274,0.2189009690011971,4.7260427270002765,6.8108513659992695,19.0,waves,19.0,"0.68840404,0.65308994,0.67833356,0.73056596",,
FISTA,10000,4,17.0,14.0,1.2142857142857142,0.2207420050012842,0.2253838110000288,17,0.778825975923211,0.7222075636012881,0.8168248166824322,10000,True,correlated_bursts,101,1.0,correlated_bursts_10000_101_fista.csv,34.0,10000.0,183140.0,96570.0,0.01968178099969,0.003018229997906,0.0346958919994904,0.1594726089997493,17.0,waves,17.0,"0.78842036,0.82183737,0.72220756,0.78283861",,
FIFO-Windowed,10000,4,36.0,15.0,2.4,0.0003895069999089,0.0003895069999089,36,,,,10000,True,correlated_bursts,104,1.0,correlated_bursts_10000_104_baseline.csv,,,,,,,,,,,,,,
Kahn-FIFO,10000,4,36.0,15.0,2.4,0.0003895069999089,0.0003895069999089,36,,,,10000,True,correlated_bursts,104,1.0,correlated_bursts_10000_104_baseline.csv,,,,,,,,,,,,,,
LangChain-FCFS-policy,10000,4,36.0,15.0,2.4,0.0003895069999089,0.0003895069999089,36,,,,10000,True,correlated_bursts,104,1.0,correlated_bursts_10000_104_baseline.csv,,,,,,,,,,,,,,
LangGraph-FCFS-policy,10000,4,36.0,15.0,2.4,0.0003895069999089,0.0003895069999089,36,,,,10000,True,correlated_bursts,104,1.0,correlated_bursts_10000_104_baseline.csv,,,,,,,,,,,,,,
FIFO-Strict,10000,4,36.0,15.0,2.4,4.504600019572536e-05,4.504600019572536e-05,36,,,,10000,True,correlated_bursts,104,1.0,correlated_bursts_10000_104_baseline.csv,,,,,,,,,,,,,,
FIFO-Windowed,100000,4,15.0,15.0,1.0,0.0017429500003345,0.0017429500003345,15,,,,100000,True,iid,101,1.0,iid_100000_101_baseline.csv,,,,,,,,,,,,,,
Kahn-FIFO,100000,4,15.0,15.0,1.0,0.0017429500003345,0.0017429500003345,15,,,,100000,True,iid,101,1.0,iid_100000_101_baseline.csv,,,,,,,,,,,,,,
LangChain-FCFS-policy,100000,4,15.0,15.0,1.0,0.0017429500003345,0.0017429500003345,15,,,,100000,True,iid,101,1.0,iid_100000_101_baseline.csv,,,,,,,,,,,,,,
LangGraph-FCFS-policy,100000,4,15.0,15.0,1.0,0.0017429500003345,0.0017429500003345,15,,,,100000,True,iid,101,1.0,iid_100000_101_baseline.csv,,,,,,,,,,,,,,
FIFO-Strict,100000,4,15.0,15.0,1.0,0.0004223550004098,0.0004223550004098,15,,,,100000,True,iid,101,1.0,iid_100000_101_baseline.csv,,,,,,,,,,,,,,
FIFO-Windowed,100000,4,14.0,14.0,1.0,0.0017083679999814,0.0017083679999814,14,,,,100000,True,complementary,109,1.0,complementary_100000_109_baseline.csv,,,,,,,,,,,,,,
Kahn-FIFO,100000,4,14.0,14.0,1.0,0.0017083679999814,0.0017083679999814,14,,,,100000,True,complementary,109,1.0,complementary_100000_109_baseline.csv,,,,,,,,,,,,,,
LangChain-FCFS-policy,100000,4,14.0,14.0,1.0,0.0017083679999814,0.0017083679999814,14,,,,100000,True,complementary,109,1.0,complementary_100000_109_baseline.csv,,,,,,,,,,,,,,
LangGraph-FCFS-policy,100000,4,14.0,14.0,1.0,0.0017083679999814,0.0017083679999814,14,,,,100000,True,complementary,109,1.0,complementary_100000_109_baseline.csv,,,,,,,,,,,,,,
FIFO-Strict,100000,4,14.0,14.0,1.0,0.000426841999797,0.000426841999797,14,,,,100000,True,complementary,109,1.0,complementary_100000_109_baseline.csv,,,,,,,,,,,,,,
FIFO-Windowed,100000,4,37.0,15.0,2.466666666666667,0.0039441579997401,0.0039441579997401,37,,,,100000,True,correlated_bursts,104,1.0,correlated_bursts_100000_104_baseline.csv,,,,,,,,,,,,,,
Kahn-FIFO,100000,4,37.0,15.0,2.466666666666667,0.0039441579997401,0.0039441579997401,37,,,,100000,True,correlated_bursts,104,1.0,correlated_bursts_100000_104_baseline.csv,,,,,,,,,,,,,,
LangChain-FCFS-policy,100000,4,37.0,15.0,2.466666666666667,0.0039441579997401,0.0039441579997401,37,,,,100000,True,correlated_bursts,104,1.0,correlated_bursts_100000_104_baseline.csv,,,,,,,,,,,,,,
LangGraph-FCFS-policy,100000,4,37.0,15.0,2.466666666666667,0.0039441579997401,0.0039441579997401,37,,,,100000,True,correlated_bursts,104,1.0,correlated_bursts_100000_104_baseline.csv,,,,,,,,,,,,,,
FIFO-Strict,100000,4,37.0,15.0,2.466666666666667,0.0004396700001052,0.0004396700001052,37,,,,100000,True,correlated_bursts,104,1.0,correlated_bursts_100000_104_baseline.csv,,,,,,,,,,,,,,
MP,10000,4,18.0,15.0,1.2,0.1935396489993763,0.1981219109998164,19,0.7404263638478739,0.6784971174663967,0.7911342000490207,10000,True,correlated_bursts,106,1.0,correlated_bursts_10000_106_mp.csv,37.0,10000.0,194876.0,98114.0,0.0201124299992443,0.002913742999226,0.0054081229995972,0.1614356880004379,18.0,waves,18.0,"0.67849712,0.71053208,0.79318966,0.77948660",,
MP,100000,4,19.0,14.0,1.3571428571428572,1.123477928000284,1.1610322909996285,26,0.6820860380061049,0.6390976835085216,0.7238825233978012,100000,True,correlated_bursts,102,1.0,correlated_bursts_100000_102_mp.csv,45.0,100000.0,2014143.0,1111940.0,0.1914786850002201,0.0209020579995922,0.0157437389998449,0.8702934799998729,19.0,waves,19.0,"0.72797222,0.66056666,0.70070759,0.63909768",,
IRLS,10000,4,19.0,15.0,1.2666666666666666,0.2317591780006296,0.2365965760000108,22,0.6699104973349655,0.6218546425735741,0.7346559907259858,10000,True,correlated_bursts,108,1.0,correlated_bursts_10000_108_irls.csv,41.0,10000.0,234617.0,110974.0,0.0238000870008363,0.0033415850016353,0.0169495150003058,0.183214009999574,19.0,waves,19.0,"0.63022073,0.62185464,0.68396519,0.74360143",,
OLS,100000,4,17.0,14.0,1.2142857142857142,2.482586922000792,2.520794111999749,24,0.7286950160291149,0.7013454570230783,0.770142546261764,100000,True,complementary,107,1.0,complementary_100000_107_ols.csv,41.0,100000.0,1696219.0,929203.0,0.1564685509997616,0.0177004420015691,1.6223956740004724,0.6639369060003446,17.0,waves,17.0,"0.70965508,0.72581436,0.77796517,0.70134546",,
OMP,100000,4,18.0,15.0,1.2,0.977143502000672,1.0150599240000702,24,0.7245547415452533,0.6607710795349545,0.8022240416019757,100000,True,iid,104,1.0,iid_100000_104_omp.csv,42.0,100000.0,1828244.0,1015442.0,0.17384201600089,0.0190614100010861,0.0220584590006183,0.7376275300007364,18.0,waves,18.0,"0.66077108,0.80916822,0.76287371,0.66540595",,
OLS,1000000,4,20.0,15.0,1.3333333333333333,14.142216863000613,14.542559570000094,36,0.6525474170967659,0.5899026815119982,0.6974066458386632,1000000,True,correlated_bursts,109,1.0,correlated_bursts_1000000_109_ols.csv,56.0,1000000.0,22920305.0,13735313.0,2.4021033500002886,0.2459001079989775,4.565475650000508,6.620732888999555,20.0,waves,20.0,"0.67902771,0.58990268,0.64060929,0.70064999",,
OMP,1000000,4,19.0,15.0,1.2666666666666666,8.615784991001192,9.07863919500005,33,0.6867891269631312,0.6243984525037063,0.7615898034163237,1000000,True,correlated_bursts,104,1.0,correlated_bursts_1000000_104_omp.csv,52.0,1000000.0,19890770.0,11766627.0,2.088586742999724,0.2197860160008531,0.0833951500001148,5.932461560999172,19.0,waves,19.0,"0.62439845,0.76782748,0.72624296,0.62868762",,
FIFO-Windowed,100000,4,14.0,14.0,1.0,0.0016373029998248,0.0016373029998248,14,,,,100000,True,complementary,108,1.0,complementary_100000_108_baseline.csv,,,,,,,,,,,,,,
Kahn-FIFO,100000,4,14.0,14.0,1.0,0.0016373029998248,0.0016373029998248,14,,,,100000,True,complementary,108,1.0,complementary_100000_108_baseline.csv,,,,,,,,,,,,,,
LangChain-FCFS-policy,100000,4,14.0,14.0,1.0,0.0016373029998248,0.0016373029998248,14,,,,100000,True,complementary,108,1.0,complementary_100000_108_baseline.csv,,,,,,,,,,,,,,
LangGraph-FCFS-policy,100000,4,14.0,14.0,1.0,0.0016373029998248,0.0016373029998248,14,,,,100000,True,complementary,108,1.0,complementary_100000_108_baseline.csv,,,,,,,,,,,,,,
FIFO-Strict,100000,4,14.0,14.0,1.0,0.0004379279998829,0.0004379279998829,14,,,,100000,True,complementary,108,1.0,complementary_100000_108_baseline.csv,,,,,,,,,,,,,,
IRLS,100000,4,19.0,15.0,1.2666666666666666,1.3185313849990052,1.3616363910000473,27,0.6864587990699317,0.6259536794405652,0.7592946390649644,100000,True,correlated_bursts,104,1.0,correlated_bursts_100000_104_irls.csv,46.0,100000.0,2151907.0,1094355.0,0.2097011799996835,0.0238815040002009,0.0652088499996352,0.9926358140000956,19.0,waves,19.0,"0.62595368,0.76521372,0.72575318,0.62891462",,
MP,100000,4,17.0,14.0,1.2142857142857142,1.0311859749999712,1.0705528959997537,26,0.7660058182203536,0.7316306539514486,0.7995388407351807,100000,True,complementary,101,1.0,complementary_100000_101_mp.csv,43.0,100000.0,1941031.0,1044342.0,0.1806844559996534,0.0203164309991734,0.0172499590012193,0.7863247780005622,17.0,waves,17.0,"0.80514349,0.76777919,0.73163065,0.75946994",,
FISTA,100000,4,17.0,14.0,1.2142857142857142,1.331344435999199,1.3859990979999566,25,0.7578913304370525,0.7267355623476178,0.8011764297617604,100000,True,complementary,100,1.0,complementary_100000_100_fista.csv,42.0,100000.0,1982982.0,1040193.0,0.208242536999478,0.0200439759987602,0.2281227650005348,0.8277603109995653,17.0,waves,17.0,"0.80707514,0.73000419,0.76775043,0.72673556",,
OMP,1000000,4,25.0,15.0,1.6666666666666667,9.716750820999778,10.10862747400006,39,0.5326710133845457,0.4886467690701071,0.5653124358851802,1000000,True,correlated_bursts,106,1.0,correlated_bursts_1000000_106_omp.csv,64.0,1000000.0,24149767.0,12995343.0,2.2838541100009024,0.238053147000528,0.096053633998963,6.782027548000997,25.0,waves,25.0,"0.48864677,0.52331437,0.56786285,0.55086006",,
FISTA,100000,4,17.0,15.0,1.1333333333333333,1.3007139049987018,1.3367586549998125,23,0.7830294520286369,0.7181893135445259,0.8352041563587236,100000,True,correlated_bursts,106,1.0,correlated_bursts_100000_106_fista.csv,40.0,100000.0,1919070.0,1034861.0,0.2241117660005329,0.0195370569999795,0.1733201910001298,0.83524145399997,17.0,waves,17.0,"0.71818931,0.76732826,0.84030589,0.80629434",,
IRLS,100000,4,19.0,15.0,1.2666666666666666,1.4209620120009276,1.4590581960001143,27,0.6701761946347303,0.6207276709458702,0.7364462968861721,100000,True,iid,108,1.0,iid_100000_108_irls.csv,46.0,100000.0,2334404.0,1196093.0,0.2494839090031746,0.0226642550019278,0.0867841350022899,1.0156334220005192,19.0,waves,19.0,"0.62072767,0.62259256,0.69332938,0.74405516",,
FISTA,100000,4,17.0,15.0,1.1333333333333333,1.3163191369985725,1.3793278100001771,25,0.7678608770414428,0.6960465891864253,0.8203553733978458,100000,True,correlated_bursts,109,1.0,correlated_bursts_100000_109_fista.csv,42.0,100000.0,1942919.0,1009299.0,0.1774092950017802,0.0194846519984821,0.2032464169997183,0.8868953730006979,17.0,waves,17.0,"0.80008803,0.69604659,0.75137692,0.82393196",,
OMP,100000,4,19.0,14.0,1.3571428571428572,1.0599624639976355,1.095991437000066,28,0.68529299862092,0.6581151135591875,0.705537917391296,100000,True,complementary,105,1.0,complementary_100000_105_omp.csv,47.0,100000.0,2019294.0,1076664.0,0.1852977940002347,0.0207830620006461,0.0187970479987598,0.8102680909987612,19.0,waves,19.0,"0.67338751,0.70583930,0.70383007,0.65811511",,
OMP,100000,4,18.0,14.0,1.2857142857142858,0.9509907929982546,0.9860017010000774,25,0.7049524371806117,0.6485385373905853,0.7386753685310108,100000,True,iid,103,1.0,iid_100000_103_omp.csv,43.0,100000.0,1811653.0,986030.0,0.1733323130006283,0.0190912769999158,0.0169866590008496,0.7188070160000279,18.0,waves,18.0,"0.74141959,0.64853854,0.70672683,0.72312479",,
IRLS,100000,4,18.0,15.0,1.2,1.3090719470014849,1.3469248720002724,28,0.6936374138210879,0.6346054571227674,0.8048403851589097,100000,True,iid,107,1.0,iid_100000_107_irls.csv,46.0,100000.0,2290979.0,1096111.0,0.210726009001064,0.0217900729985558,0.0783115129993348,0.9698553390003326,18.0,waves,18.0,"0.63460546,0.82922860,0.66664051,0.64407509",,
FIFO-Windowed,1000000,4,37.0,14.0,2.642857142857143,0.0322043350001877,0.0322043350001877,37,,,,1000000,True,correlated_bursts,105,1.0,correlated_bursts_1000000_105_baseline.csv,,,,,,,,,,,,,,
Kahn-FIFO,1000000,4,37.0,14.0,2.642857142857143,0.0322043350001877,0.0322043350001877,37,,,,1000000,True,correlated_bursts,105,1.0,correlated_bursts_1000000_105_baseline.csv,,,,,,,,,,,,,,
LangChain-FCFS-policy,1000000,4,37.0,14.0,2.642857142857143,0.0322043350001877,0.0322043350001877,37,,,,1000000,True,correlated_bursts,105,1.0,correlated_bursts_1000000_105_baseline.csv,,,,,,,,,,,,,,
LangGraph-FCFS-policy,1000000,4,37.0,14.0,2.642857142857143,0.0322043350001877,0.0322043350001877,37,,,,1000000,True,correlated_bursts,105,1.0,correlated_bursts_1000000_105_baseline.csv,,,,,,,,,,,,,,
FIFO-Strict,1000000,4,37.0,14.0,2.642857142857143,0.0042710620000434,0.0042710620000434,37,,,,1000000,True,correlated_bursts,105,1.0,correlated_bursts_1000000_105_baseline.csv,,,,,,,,,,,,,,
FISTA,100000,4,17.0,15.0,1.1333333333333333,1.2951606129990978,1.335237073999906,27,0.7671756086949741,0.6996399665664224,0.8494136911079743,100000,True,iid,104,1.0,iid_100000_104_fista.csv,44.0,100000.0,2056261.0,1019923.0,0.2004627949995665,0.0197572109996144,0.2040855049986021,0.844642316998943,17.0,waves,17.0,"0.69963997,0.85676635,0.80774864,0.70454748",,
OLS,100000,4,20.0,14.0,1.4285714285714286,2.892692262001219,2.9339228509998065,27,0.6511049454873006,0.6218860558587312,0.6796080146249035,100000,True,complementary,101,1.0,complementary_100000_101_ols.csv,47.0,100000.0,2009803.0,1067305.0,0.192290420001882,0.0205471490016861,1.8511568879998777,0.8029026760000306,20.0,waves,20.0,"0.68437196,0.65261231,0.62188606,0.64554945",,
FISTA,100000,4,16.0,13.0,1.2307692307692308,1.2898759590002555,1.3272585449999497,26,0.7842306151067218,0.7596986201818288,0.8100832082927103,100000,True,complementary,103,1.0,complementary_100000_103_fista.csv,42.0,100000.0,2041908.0,1012490.0,0.2011763759992391,0.0190167270011443,0.2164880789982817,0.8281483770010709,16.0,waves,16.0,"0.79780096,0.75969862,0.76717221,0.81225066",,
FISTA,1000000,4,18.0,15.0,1.2,10.567545764999975,10.984864598000058,33,0.735294735850652,0.6815300455900783,0.7738924447986185,1000000,True,correlated_bursts,101,1.0,correlated_bursts_1000000_101_fista.csv,51.0,1000000.0,21241847.0,12085466.0,2.098033912000119,0.2325312430000394,1.9109640330000277,6.054841321000367,18.0,waves,18.0,"0.74411556,0.77914719,0.68153005,0.73638615",,
IRLS,1000000,4,17.0,15.0,1.1333333333333333,8.055046319002031,8.467142041999978,29,0.7677028436432539,0.6940031547199979,0.8204784068690155,1000000,True,correlated_bursts,109,1.0,correlated_bursts_1000000_109_irls.csv,46.0,1000000.0,19863348.0,10931110.0,1.956112105000102,0.1913568779968955,0.5932539379996342,5.0606737139983125,17.0,waves,17.0,"0.79885612,0.69400315,0.75365799,0.82429410",,
MP,10000,4,17.0,14.0,1.2142857142857142,0.1942380000009507,0.1991902719996687,17,0.778825975923211,0.7222075636012881,0.8168248166824322,10000,True,correlated_bursts,101,1.0,correlated_bursts_10000_101_mp.csv,34.0,10000.0,183140.0,96570.0,0.0204845949988339,0.0029299049992914,0.0052321069988465,0.1618786399990313,17.0,waves,17.0,"0.78842036,0.82183737,0.72220756,0.78283861",,
IRLS,1000000,4,19.0,15.0,1.2666666666666666,9.68011586900002,10.141653290000022,35,0.6867891269631312,0.6243984525037063,0.7615898034163237,1000000,True,correlated_bursts,104,1.0,correlated_bursts_1000000_104_irls.csv,54.0,1000000.0,22778061.0,12320989.0,2.1985991310009467,0.2272614009991684,0.7561943260002408,6.203996952000352,19.0,waves,19.0,"0.62439845,0.76782748,0.72624296,0.62868762",,
FIFO-Windowed,100000,4,37.0,14.0,2.642857142857143,0.0039255500000763,0.0039255500000763,37,,,,100000,True,correlated_bursts,105,1.0,correlated_bursts_100000_105_baseline.csv,,,,,,,,,,,,,,
Kahn-FIFO,100000,4,37.0,14.0,2.642857142857143,0.0039255500000763,0.0039255500000763,37,,,,100000,True,correlated_bursts,105,1.0,correlated_bursts_100000_105_baseline.csv,,,,,,,,,,,,,,
LangChain-FCFS-policy,100000,4,37.0,14.0,2.642857142857143,0.0039255500000763,0.0039255500000763,37,,,,100000,True,correlated_bursts,105,1.0,correlated_bursts_100000_105_baseline.csv,,,,,,,,,,,,,,
LangGraph-FCFS-policy,100000,4,37.0,14.0,2.642857142857143,0.0039255500000763,0.0039255500000763,37,,,,100000,True,correlated_bursts,105,1.0,correlated_bursts_100000_105_baseline.csv,,,,,,,,,,,,,,
FIFO-Strict,100000,4,37.0,14.0,2.642857142857143,0.0005522869996639,0.0005522869996639,37,,,,100000,True,correlated_bursts,105,1.0,correlated_bursts_100000_105_baseline.csv,,,,,,,,,,,,,,
OMP,100000,4,19.0,15.0,1.2666666666666666,0.9969301240016648,1.0322147189999669,26,0.6864894647668328,0.6210399215807831,0.733461589330782,100000,True,iid,109,1.0,iid_100000_109_omp.csv,45.0,100000.0,1942764.0,1041304.0,0.177073470999403,0.0195920579985795,0.0180152749999251,0.757648544001313,19.0,waves,19.0,"0.71062810,0.62103992,0.67679881,0.73749103",,
OLS,100000,4,19.0,15.0,1.2666666666666666,2.792074467995917,2.83119379100026,25,0.6966642204176543,0.6453077205913109,0.7357521584548197,100000,True,iid,101,1.0,iid_100000_101_ols.csv,44.0,100000.0,1906919.0,1048704.0,0.1790560980002737,0.0202862750024905,1.7752677549997316,0.7923940180003228,19.0,waves,19.0,"0.70254594,0.74161208,0.64530772,0.69719114",,
FISTA,10000,4,16.0,14.0,1.1428571428571428,0.2152228719992308,0.2199356070000249,17,0.8171860109540323,0.7459153064668178,0.8683194175486266,10000,True,correlated_bursts,109,1.0,correlated_bursts_10000_109_fista.csv,33.0,10000.0,179231.0,93159.0,0.0191748230013217,0.0028212150018589,0.0349034110008688,0.1545458979999239,16.0,waves,16.0,"0.85690093,0.74591531,0.79559336,0.87033445",,
FIFO-Windowed,1000000,4,39.0,15.0,2.6,0.0339124429999628,0.0339124429999628,39,,,,1000000,True,correlated_bursts,106,1.0,correlated_bursts_1000000_106_baseline.csv,,,,,,,,,,,,,,
Kahn-FIFO,1000000,4,39.0,15.0,2.6,0.0339124429999628,0.0339124429999628,39,,,,1000000,True,correlated_bursts,106,1.0,correlated_bursts_1000000_106_baseline.csv,,,,,,,,,,,,,,
LangChain-FCFS-policy,1000000,4,39.0,15.0,2.6,0.0339124429999628,0.0339124429999628,39,,,,1000000,True,correlated_bursts,106,1.0,correlated_bursts_1000000_106_baseline.csv,,,,,,,,,,,,,,
LangGraph-FCFS-policy,1000000,4,39.0,15.0,2.6,0.0339124429999628,0.0339124429999628,39,,,,1000000,True,correlated_bursts,106,1.0,correlated_bursts_1000000_106_baseline.csv,,,,,,,,,,,,,,
FIFO-Strict,1000000,4,39.0,15.0,2.6,0.0045705340000949,0.0045705340000949,39,,,,1000000,True,correlated_bursts,106,1.0,correlated_bursts_1000000_106_baseline.csv,,,,,,,,,,,,,,
IRLS,100000,4,18.0,15.0,1.2,1.2761651820001134,1.313765864999823,24,0.7143625593144806,0.6504556702491089,0.8026450324046479,100000,True,complementary,102,1.0,complementary_100000_102_irls.csv,42.0,100000.0,2017306.0,1091666.0,0.1957700000007207,0.0206399580001743,0.0853765019987804,0.9467325350001374,18.0,waves,18.0,"0.81419422,0.65045567,0.73719965,0.65560070",,
MP,10000,4,15.0,14.0,1.0714285714285714,0.1732752070001879,0.1788746739998714,16,0.8447984055410491,0.7735506742604573,0.883805393729051,10000,True,correlated_bursts,103,1.0,correlated_bursts_10000_103_mp.csv,31.0,10000.0,164574.0,86917.0,0.0180626819983444,0.0039273529973797,0.0048544749997745,0.1430828929997005,15.0,waves,15.0,"0.88632032,0.77355067,0.84976848,0.86955415",,
IRLS,10000,4,17.0,15.0,1.1333333333333333,0.2036454739995861,0.2088840999999774,18,0.7675505740228822,0.7010849119130302,0.8450177552984275,10000,True,correlated_bursts,104,1.0,correlated_bursts_10000_104_irls.csv,35.0,10000.0,189199.0,96399.0,0.0216748120005831,0.0032741759991949,0.0144670819995553,0.160267610000119,17.0,waves,17.0,"0.70866680,0.85135738,0.80909321,0.70108491",,
FISTA,100000,4,19.0,14.0,1.3571428571428572,1.4369269910021103,1.4796271689997411,26,0.682521753217923,0.6399517429560109,0.7255389482519753,100000,True,iid,102,1.0,iid_100000_102_fista.csv,45.0,100000.0,1970451.0,1066128.0,0.2679391980000218,0.0207276080022893,0.2244698820004487,0.8956312029999935,19.0,waves,19.0,"0.72989947,0.65940647,0.70082933,0.63995174",,
IRLS,10000,4,17.0,14.0,1.2142857142857142,0.2011099149995061,0.2057226100000662,17,0.7691162456037951,0.7020379354981815,0.8172418047516485,10000,True,correlated_bursts,109,1.0,correlated_bursts_10000_109_irls.csv,34.0,10000.0,181890.0,95945.0,0.0198561380007049,0.0029040250005891,0.0136082479998549,0.160928101999616,17.0,waves,17.0,"0.80649499,0.70203794,0.74879375,0.81913830",,
MP,100000,4,17.0,14.0,1.2142857142857142,0.952952601999641,0.9883170829998562,23,0.758128271626047,0.6969402738298154,0.8142088133880063,100000,True,complementary,109,1.0,complementary_100000_109_mp.csv,40.0,100000.0,1824767.0,993240.0,0.165171123001528,0.0189951550000841,0.0134687340005257,0.7319500079984209,17.0,waves,17.0,"0.79871252,0.71991684,0.69694027,0.81694345",,
FISTA,100000,4,18.0,15.0,1.2,1.424137357999825,1.487005094000324,27,0.7245953990182612,0.66072888385393,0.8014776745685737,100000,True,correlated_bursts,104,1.0,correlated_bursts_100000_104_fista.csv,45.0,100000.0,2004054.0,1051272.0,0.2107116059987674,0.0222114860007422,0.2109229400011827,0.9531522439988294,18.0,waves,18.0,"0.66072888,0.80772559,0.76607280,0.66385432",,
OLS,100000,4,20.0,15.0,1.3333333333333333,2.844293807001577,2.8827939620000507,28,0.6510983810633422,0.5661119390279452,0.7260449911772927,100000,True,iid,100,1.0,iid_100000_100_ols.csv,48.0,100000.0,2216041.0,1120767.0,0.1979452349987696,0.0212426730004153,1.775512620000427,0.8229594979998183,20.0,waves,20.0,"0.73851605,0.64438990,0.56611194,0.65537563",,
FIFO-Windowed,10000,4,35.0,14.0,2.5,0.0003864319996864,0.0003864319996864,35,,,,10000,True,correlated_bursts,103,1.0,correlated_bursts_10000_103_baseline.csv,,,,,,,,,,,,,,
Kahn-FIFO,10000,4,35.0,14.0,2.5,0.0003864319996864,0.0003864319996864,35,,,,10000,True,correlated_bursts,103,1.0,correlated_bursts_10000_103_baseline.csv,,,,,,,,,,,,,,
LangChain-FCFS-policy,10000,4,35.0,14.0,2.5,0.0003864319996864,0.0003864319996864,35,,,,10000,True,correlated_bursts,103,1.0,correlated_bursts_10000_103_baseline.csv,,,,,,,,,,,,,,
LangGraph-FCFS-policy,10000,4,35.0,14.0,2.5,0.0003864319996864,0.0003864319996864,35,,,,10000,True,correlated_bursts,103,1.0,correlated_bursts_10000_103_baseline.csv,,,,,,,,,,,,,,
FIFO-Strict,10000,4,35.0,14.0,2.5,4.466600012165145e-05,4.466600012165145e-05,35,,,,10000,True,correlated_bursts,103,1.0,correlated_bursts_10000_103_baseline.csv,,,,,,,,,,,,,,
FIFO-Windowed,100000,4,14.0,14.0,1.0,0.0016570430002502,0.0016570430002502,14,,,,100000,True,complementary,104,1.0,complementary_100000_104_baseline.csv,,,,,,,,,,,,,,
Kahn-FIFO,100000,4,14.0,14.0,1.0,0.0016570430002502,0.0016570430002502,14,,,,100000,True,complementary,104,1.0,complementary_100000_104_baseline.csv,,,,,,,,,,,,,,
LangChain-FCFS-policy,100000,4,14.0,14.0,1.0,0.0016570430002502,0.0016570430002502,14,,,,100000,True,complementary,104,1.0,complementary_100000_104_baseline.csv,,,,,,,,,,,,,,
LangGraph-FCFS-policy,100000,4,14.0,14.0,1.0,0.0016570430002502,0.0016570430002502,14,,,,100000,True,complementary,104,1.0,complementary_100000_104_baseline.csv,,,,,,,,,,,,,,
FIFO-Strict,100000,4,14.0,14.0,1.0,0.0004373279998617,0.0004373279998617,14,,,,100000,True,complementary,104,1.0,complementary_100000_104_baseline.csv,,,,,,,,,,,,,,
OLS,100000,4,18.0,15.0,1.2,2.854309702998762,2.8941368700002386,28,0.6936374138210879,0.6346054571227674,0.8048403851589097,100000,True,iid,107,1.0,iid_100000_107_ols.csv,46.0,100000.0,2011629.0,1065244.0,0.1853351539998584,0.0204992419971858,1.811143559998527,0.8121137129987801,18.0,waves,18.0,"0.63460546,0.82922860,0.66664051,0.64407509",,
IRLS,100000,4,19.0,15.0,1.2666666666666666,1.3028464340009125,1.3436628139997993,26,0.6966642204176543,0.6453077205913109,0.7357521584548197,100000,True,iid,101,1.0,iid_100000_101_irls.csv,45.0,100000.0,1990691.0,1091481.0,0.2200518310005463,0.0207150999985969,0.0891478030011967,0.9447209079994536,19.0,waves,19.0,"0.70254594,0.74161208,0.64530772,0.69719114",,
FISTA,100000,4,17.0,14.0,1.2142857142857142,1.3341115109988095,1.3971871730000205,22,0.7557058995750838,0.7175420270479427,0.7866988641521603,100000,True,complementary,104,1.0,complementary_100000_104_fista.csv,39.0,100000.0,1835279.0,1010049.0,0.1996241990018461,0.0193585429997256,0.2246894059985607,0.8645111409991841,17.0,waves,17.0,"0.73900137,0.78822405,0.77805616,0.71754203",,
FISTA,100000,4,20.0,14.0,1.4285714285714286,1.2854990519999774,1.3217968009998913,24,0.651028348689874,0.6252093578812281,0.6702610215217312,100000,True,complementary,105,1.0,complementary_100000_105_fista.csv,44.0,100000.0,1987294.0,1069143.0,0.2192689369994696,0.0210917549998157,0.1763662039998053,0.8433820690011089,20.0,waves,20.0,"0.63971814,0.67054734,0.66863856,0.62520936",,
OLS,100000,4,20.0,15.0,1.3333333333333333,2.85464991400022,2.893422618999921,24,0.6429263033830326,0.5854101032241981,0.7223805291641832,100000,True,complementary,102,1.0,complementary_100000_102_ols.csv,44.0,100000.0,1948359.0,1065321.0,0.1810911320017112,0.0201475050002954,1.8611471829999573,0.766705257999547,20.0,waves,20.0,"0.73277480,0.58541010,0.66347969,0.59004063",,
IRLS,1000000,4,19.0,15.0,1.2666666666666666,10.26020781199918,10.660277687999953,37,0.6700896768638294,0.6206151866058969,0.7365904375690274,1000000,True,correlated_bursts,108,1.0,correlated_bursts_1000000_108_irls.csv,56.0,1000000.0,27229441.0,13159822.0,2.5044852270002598,0.2622925709993069,0.6931152260001454,6.47851556999899,19.0,waves,19.0,"0.62061519,0.62216267,0.69336184,0.74421901",,
OLS,100000,4,18.0,14.0,1.2857142857142858,2.724290424000173,2.763687358000425,25,0.7137222384875792,0.6776785811008348,0.7429933716992625,100000,True,complementary,104,1.0,complementary_100000_104_ols.csv,43.0,100000.0,1825051.0,1015993.0,0.1803433140007655,0.0196356599985847,1.7453081280013976,0.7552057360007893,18.0,waves,18.0,"0.69794574,0.74443382,0.73483081,0.67767858",,
OLS,100000,4,21.0,14.0,1.5,2.7724755219987856,2.8120365120003044,25,0.6171254629579045,0.578231237460091,0.6549413306932488,100000,True,correlated_bursts,102,1.0,correlated_bursts_100000_102_ols.csv,46.0,100000.0,2056387.0,1085164.0,0.1947828360011954,0.0207246339996345,1.7338495260005402,0.7981991379997453,21.0,waves,21.0,"0.65864153,0.59765555,0.63397353,0.57823124",,
MP,100000,4,18.0,15.0,1.2,1.0654761999990114,1.1033326530000522,24,0.6941074207027201,0.6349877992386288,0.8060361611783283,100000,True,correlated_bursts,107,1.0,correlated_bursts_100000_107_mp.csv,42.0,100000.0,2006362.0,1091478.0,0.190219226001318,0.0202474550010265,0.0148069930000929,0.8152052130008087,18.0,waves,18.0,"0.63498780,0.82986188,0.67102377,0.64055624",,
OMP,100000,4,19.0,14.0,1.3571428571428572,1.0392597599993678,1.075934911999866,26,0.6781132956542049,0.6502370821005001,0.7168420687342066,100000,True,complementary,100,1.0,complementary_100000_100_omp.csv,45.0,100000.0,1980556.0,1079651.0,0.1862244969997846,0.0202531650002129,0.0184720310003285,0.7884348550005598,19.0,waves,19.0,"0.72211986,0.65316165,0.68693460,0.65023708",,
MP,100000,4,20.0,14.0,1.4285714285714286,0.9806357640009082,1.015197267000076,24,0.651028348689874,0.6252093578812281,0.6702610215217312,100000,True,complementary,105,1.0,complementary_100000_105_mp.csv,44.0,100000.0,1987248.0,1069108.0,0.179012834999412,0.019786963000115,0.0142645719984102,0.7430753319999894,20.0,waves,20.0,"0.63971814,0.67054734,0.66863856,0.62520936",,
OMP,10000,4,22.0,14.0,1.5714285714285714,0.2297563440015437,0.2347265280000101,23,0.5884605817619598,0.5501763971061417,0.6251630841910478,10000,True,correlated_bursts,102,1.0,correlated_bursts_10000_102_omp.csv,45.0,10000.0,207372.0,107094.0,0.0222702399987611,0.0032791750008982,0.0088684060006016,0.1913544990002265,22.0,waves,22.0,"0.62997731,0.57580616,0.59788246,0.55017640",,
FISTA,100000,4,17.0,14.0,1.2142857142857142,1.3337540920010724,1.3733666779999112,25,0.7463578158124988,0.6913020830715871,0.7793400989645486,100000,True,correlated_bursts,103,1.0,correlated_bursts_100000_103_fista.csv,42.0,100000.0,1845032.0,1008221.0,0.1968127710015323,0.0192958110005747,0.2236446179999802,0.8695839099996192,17.0,waves,17.0,"0.78125565,0.69130208,0.74438823,0.76848530",,
OLS,10000,4,21.0,15.0,1.4,0.9714575630005128,0.9779605349999656,21,0.62137824544812,0.5479913203610314,0.6985894251193319,10000,True,correlated_bursts,100,1.0,correlated_bursts_10000_100_ols.csv,42.0,10000.0,204002.0,107001.0,0.0231343250002282,0.0032847010006662,0.7527514750013324,0.1878010440009347,21.0,waves,21.0,"0.71245114,0.60503081,0.54799132,0.62003971",,
FIFO-Windowed,100000,4,14.0,14.0,1.0,0.001661389000219,0.001661389000219,14,,,,100000,True,complementary,107,1.0,complementary_100000_107_baseline.csv,,,,,,,,,,,,,,
Kahn-FIFO,100000,4,14.0,14.0,1.0,0.001661389000219,0.001661389000219,14,,,,100000,True,complementary,107,1.0,complementary_100000_107_baseline.csv,,,,,,,,,,,,,,
LangChain-FCFS-policy,100000,4,14.0,14.0,1.0,0.001661389000219,0.001661389000219,14,,,,100000,True,complementary,107,1.0,complementary_100000_107_baseline.csv,,,,,,,,,,,,,,
LangGraph-FCFS-policy,100000,4,14.0,14.0,1.0,0.001661389000219,0.001661389000219,14,,,,100000,True,complementary,107,1.0,complementary_100000_107_baseline.csv,,,,,,,,,,,,,,
FIFO-Strict,100000,4,14.0,14.0,1.0,0.0004356839999672,0.0004356839999672,14,,,,100000,True,complementary,107,1.0,complementary_100000_107_baseline.csv,,,,,,,,,,,,,,
FISTA,100000,4,19.0,14.0,1.3571428571428572,1.3546482450014992,1.412703622999743,26,0.6820860380061049,0.6390976835085216,0.7238825233978012,100000,True,correlated_bursts,102,1.0,correlated_bursts_100000_102_fista.csv,45.0,100000.0,2028698.0,1088595.0,0.2116578499999377,0.040927657001248,0.1635295440005393,0.8925577189997966,19.0,waves,19.0,"0.72797222,0.66056666,0.70070759,0.63909768",,
FIFO-Windowed,10000,4,36.0,15.0,2.4,0.000393712999994,0.000393712999994,36,,,,10000,True,correlated_bursts,100,1.0,correlated_bursts_10000_100_baseline.csv,,,,,,,,,,,,,,
Kahn-FIFO,10000,4,36.0,15.0,2.4,0.000393712999994,0.000393712999994,36,,,,10000,True,correlated_bursts,100,1.0,correlated_bursts_10000_100_baseline.csv,,,,,,,,,,,,,,
LangChain-FCFS-policy,10000,4,36.0,15.0,2.4,0.000393712999994,0.000393712999994,36,,,,10000,True,correlated_bursts,100,1.0,correlated_bursts_10000_100_baseline.csv,,,,,,,,,,,,,,
LangGraph-FCFS-policy,10000,4,36.0,15.0,2.4,0.000393712999994,0.000393712999994,36,,,,10000,True,correlated_bursts,100,1.0,correlated_bursts_10000_100_baseline.csv,,,,,,,,,,,,,,
FIFO-Strict,10000,4,36.0,15.0,2.4,4.506599998421734e-05,4.506599998421734e-05,36,,,,10000,True,correlated_bursts,100,1.0,correlated_bursts_10000_100_baseline.csv,,,,,,,,,,,,,,
MP,10000,4,20.0,14.0,1.4285714285714286,0.1954673139980514,0.2000731299999643,20,0.6530791023345788,0.621045065463384,0.691737295701305,10000,True,correlated_bursts,105,1.0,correlated_bursts_10000_105_mp.csv,40.0,10000.0,184728.0,97364.0,0.0199951939994207,0.0030558720004592,0.0064033769990601,0.1623937630006366,20.0,waves,20.0,"0.64818650,0.62104507,0.64366212,0.69942273",,
FISTA,10000,4,18.0,15.0,1.2,0.2430547060002936,0.2477640340002835,19,0.707127747186908,0.6564021227165505,0.775470212432985,10000,True,correlated_bursts,108,1.0,correlated_bursts_10000_108_fista.csv,37.0,10000.0,204182.0,105525.0,0.0218306279994067,0.0031826260001253,0.037316238999665,0.1764063380014704,18.0,waves,18.0,"0.66523299,0.65640212,0.72196326,0.78491262",,
OMP,10000,4,23.0,14.0,1.6428571428571428,0.2455232290030835,0.2518626910000421,26,0.5756539822041125,0.5338055904879087,0.6037400818957108,10000,True,correlated_bursts,101,1.0,correlated_bursts_10000_101_omp.csv,49.0,10000.0,227153.0,110839.0,0.0250661369996123,0.00344177199986,0.0101814440013185,0.2019858210005622,23.0,waves,23.0,"0.58274548,0.60744501,0.53380559,0.57861985",,
FISTA,100000,4,18.0,15.0,1.2,1.4193736750003154,1.457804586000293,24,0.6936374138210879,0.6346054571227674,0.8048403851589097,100000,True,iid,107,1.0,iid_100000_107_fista.csv,42.0,100000.0,2056668.0,1078525.0,0.2112190190009641,0.0203823389983881,0.23150575399859,0.930218532998424,18.0,waves,18.0,"0.63460546,0.82922860,0.66664051,0.64407509",,
FIFO-Windowed,1000000,4,35.0,15.0,2.333333333333333,0.1189230330001009,0.1189230330001009,35,,,,1000000,True,correlated_bursts,100,1.0,correlated_bursts_1000000_100_baseline.csv,,,,,,,,,,,,,,
Kahn-FIFO,1000000,4,35.0,15.0,2.333333333333333,0.1189230330001009,0.1189230330001009,35,,,,1000000,True,correlated_bursts,100,1.0,correlated_bursts_1000000_100_baseline.csv,,,,,,,,,,,,,,
LangChain-FCFS-policy,1000000,4,35.0,15.0,2.333333333333333,0.1189230330001009,0.1189230330001009,35,,,,1000000,True,correlated_bursts,100,1.0,correlated_bursts_1000000_100_baseline.csv,,,,,,,,,,,,,,
LangGraph-FCFS-policy,1000000,4,35.0,15.0,2.333333333333333,0.1189230330001009,0.1189230330001009,35,,,,1000000,True,correlated_bursts,100,1.0,correlated_bursts_1000000_100_baseline.csv,,,,,,,,,,,,,,
FIFO-Strict,1000000,4,35.0,15.0,2.333333333333333,0.012287796999999,0.012287796999999,35,,,,1000000,True,correlated_bursts,100,1.0,correlated_bursts_1000000_100_baseline.csv,,,,,,,,,,,,,,
MP,100000,4,17.0,14.0,1.2142857142857142,0.9310105859999568,0.9654576100001576,24,0.7557058995750838,0.7175420270479427,0.7866988641521603,100000,True,complementary,104,1.0,complementary_100000_104_mp.csv,41.0,100000.0,1868073.0,1012618.0,0.1670208640011878,0.0192186660019615,0.0138555529997574,0.707847579000827,17.0,waves,17.0,"0.73900137,0.78822405,0.77805616,0.71754203",,
IRLS,100000,4,20.0,14.0,1.4285714285714286,1.4070608889983305,1.4473068830002376,29,0.6539282756003935,0.6222371776361465,0.689552393283995,100000,True,correlated_bursts,105,1.0,correlated_bursts_100000_105_irls.csv,49.0,100000.0,2171495.0,1120949.0,0.2078371249981501,0.0233104799995089,0.0915107729988449,1.054759077998369,20.0,waves,20.0,"0.65197907,0.62223718,0.64531388,0.69618298",,
OMP,100000,4,19.0,14.0,1.3571428571428572,0.998942712999451,1.034966316000009,26,0.6783252956654106,0.6235781397424665,0.7285026225050583,100000,True,complementary,109,1.0,complementary_100000_109_omp.csv,45.0,100000.0,1861812.0,1006815.0,0.1760843189999832,0.0192720830000325,0.0176262270001643,0.7623953869997422,19.0,waves,19.0,"0.71463752,0.64413612,0.62357814,0.73094941",,
FISTA,100000,4,17.0,14.0,1.2142857142857142,1.3327715190011986,1.3694259049998436,24,0.758128271626047,0.6969402738298154,0.8142088133880063,100000,True,complementary,109,1.0,complementary_100000_109_fista.csv,41.0,100000.0,1864040.0,1001815.0,0.2111816600017846,0.0191294940013904,0.2235973250003553,0.8529702530004215,17.0,waves,17.0,"0.79871252,0.71991684,0.69694027,0.81694345",,
FIFO-Windowed,100000,4,14.0,14.0,1.0,0.0015851660000407,0.0015851660000407,14,,,,100000,True,complementary,105,1.0,complementary_100000_105_baseline.csv,,,,,,,,,,,,,,
Kahn-FIFO,100000,4,14.0,14.0,1.0,0.0015851660000407,0.0015851660000407,14,,,,100000,True,complementary,105,1.0,complementary_100000_105_baseline.csv,,,,,,,,,,,,,,
LangChain-FCFS-policy,100000,4,14.0,14.0,1.0,0.0015851660000407,0.0015851660000407,14,,,,100000,True,complementary,105,1.0,complementary_100000_105_baseline.csv,,,,,,,,,,,,,,
LangGraph-FCFS-policy,100000,4,14.0,14.0,1.0,0.0015851660000407,0.0015851660000407,14,,,,100000,True,complementary,105,1.0,complementary_100000_105_baseline.csv,,,,,,,,,,,,,,
FIFO-Strict,100000,4,14.0,14.0,1.0,0.0004220440000608,0.0004220440000608,14,,,,100000,True,complementary,105,1.0,complementary_100000_105_baseline.csv,,,,,,,,,,,,,,
MP,1000000,4,17.0,15.0,1.1333333333333333,8.343057368999553,8.744252891000087,32,0.7785473673712786,0.7216200482718477,0.8194155297867726,1000000,True,correlated_bursts,101,1.0,correlated_bursts_1000000_101_mp.csv,49.0,1000000.0,21307449.0,12027602.0,2.1212466329991457,0.2073952550003923,0.0748385550007242,5.635631077000426,17.0,waves,17.0,"0.78788706,0.82497938,0.72162005,0.77970298",,
OMP,1000000,4,20.0,15.0,1.3333333333333333,8.51611135700091,8.903039158999945,34,0.6617652622655869,0.6133770410310706,0.6965032003187567,1000000,True,correlated_bursts,101,1.0,correlated_bursts_1000000_101_omp.csv,54.0,1000000.0,20970318.0,11880679.0,2.114842378999583,0.1926654640017204,0.0841356749995156,5.835567580000998,20.0,waves,20.0,"0.66970400,0.70123247,0.61337704,0.66274753",,
MP,1000000,4,17.0,14.0,1.2142857142857142,8.695672747999652,9.099166191999984,33,0.746457202060129,0.693701426836874,0.7766263851872004,1000000,True,correlated_bursts,103,1.0,correlated_bursts_1000000_103_mp.csv,50.0,1000000.0,20952970.0,11818140.0,2.0754175100025805,0.2171291159997963,0.0995913109995854,5.991426025000919,17.0,waves,17.0,"0.77798039,0.69370143,0.74519332,0.76895367",,
IRLS,1000000,4,20.0,14.0,1.4285714285714286,9.36642836299984,9.77648345800003,32,0.6482194946188032,0.6079570185278972,0.688022802780437,1000000,True,correlated_bursts,102,1.0,correlated_bursts_1000000_102_irls.csv,52.0,1000000.0,21653140.0,11894162.0,2.1463079200011634,0.1882146699999793,0.8451887719998012,5.895791889000293,20.0,waves,20.0,"0.69160903,0.62561108,0.66770085,0.60795702",,
OLS,1000000,4,19.0,14.0,1.3571428571428572,12.200938702000483,12.638182087999894,32,0.6678827597380103,0.6206802240119399,0.6948762393780215,1000000,True,correlated_bursts,103,1.0,correlated_bursts_1000000_103_ols.csv,51.0,1000000.0,19911968.0,11061059.0,2.0453917580000507,0.183224412000527,4.50749711200092,5.220454350999489,19.0,waves,19.0,"0.69608772,0.62068022,0.66675192,0.68801118",,
IRLS,100000,4,18.0,14.0,1.2857142857142858,1.2711260650012264,1.3104671129999588,27,0.723449939430334,0.6909845065097014,0.7551200162498929,100000,True,complementary,101,1.0,complementary_100000_101_irls.csv,45.0,100000.0,2122280.0,1075667.0,0.2235726259982584,0.0207627050021983,0.0898458279998521,0.9076832710020426,18.0,waves,18.0,"0.76041329,0.72512479,0.69098451,0.71727717",,
FISTA,1000000,4,18.0,15.0,1.2,10.300793181000472,10.719812030999949,35,0.7398208519229801,0.6786760681529266,0.7851561609516391,1000000,True,correlated_bursts,106,1.0,correlated_bursts_1000000_106_fista.csv,53.0,1000000.0,22584264.0,11895190.0,2.1063690429991766,0.1935948589994041,1.7763597729999674,5.954691813999943,18.0,waves,18.0,"0.67867607,0.72682551,0.78869841,0.76508342",,
MP,1000000,4,18.0,15.0,1.2,8.711628126000505,9.162598214999887,33,0.7249440784610831,0.6590872554205789,0.8039003480505639,1000000,True,correlated_bursts,104,1.0,correlated_bursts_1000000_104_mp.csv,51.0,1000000.0,21075520.0,12127245.0,2.167673450999473,0.2150535910004691,0.0748724669999774,5.951674543999616,18.0,waves,18.0,"0.65908726,0.81048456,0.76658979,0.66361471",,
MP,1000000,4,17.0,15.0,1.1333333333333333,9.557961065000654,9.950865859000032,35,0.7677028436432539,0.6940031547199979,0.8204784068690155,1000000,True,correlated_bursts,109,1.0,correlated_bursts_1000000_109_mp.csv,52.0,1000000.0,21734372.0,13151213.0,2.2339701330001844,0.2175142040005084,0.0816695549995074,6.683911295999906,17.0,waves,17.0,"0.79885612,0.69400315,0.75365799,0.82429410",,
FIFO-Windowed,100000,4,39.0,15.0,2.6,0.0041623099996286,0.0041623099996286,39,,,,100000,True,correlated_bursts,106,1.0,correlated_bursts_100000_106_baseline.csv,,,,,,,,,,,,,,
Kahn-FIFO,100000,4,39.0,15.0,2.6,0.0041623099996286,0.0041623099996286,39,,,,100000,True,correlated_bursts,106,1.0,correlated_bursts_100000_106_baseline.csv,,,,,,,,,,,,,,
LangChain-FCFS-policy,100000,4,39.0,15.0,2.6,0.0041623099996286,0.0041623099996286,39,,,,100000,True,correlated_bursts,106,1.0,correlated_bursts_100000_106_baseline.csv,,,,,,,,,,,,,,
LangGraph-FCFS-policy,100000,4,39.0,15.0,2.6,0.0041623099996286,0.0041623099996286,39,,,,100000,True,correlated_bursts,106,1.0,correlated_bursts_100000_106_baseline.csv,,,,,,,,,,,,,,
FIFO-Strict,100000,4,39.0,15.0,2.6,0.0004384890003166,0.0004384890003166,39,,,,100000,True,correlated_bursts,106,1.0,correlated_bursts_100000_106_baseline.csv,,,,,,,,,,,,,,
OLS,100000,4,19.0,15.0,1.2666666666666666,2.734405631001664,2.776654450000024,26,0.6864894647668328,0.6210399215807831,0.733461589330782,100000,True,iid,109,1.0,iid_100000_109_ols.csv,45.0,100000.0,1942764.0,1041304.0,0.181583368000247,0.0205535510008303,1.7399614790006126,0.7671018100013498,19.0,waves,19.0,"0.71062810,0.62103992,0.67679881,0.73749103",,
OLS,1000000,4,25.0,15.0,1.6666666666666667,14.037650539000651,14.416729394999948,39,0.5326710133845457,0.4886467690701071,0.5653124358851802,1000000,True,correlated_bursts,106,1.0,correlated_bursts_1000000_106_ols.csv,64.0,1000000.0,24149767.0,12995343.0,2.207587437999109,0.2288744929990116,5.046201348000068,6.278100351000148,25.0,waves,25.0,"0.48864677,0.52331437,0.56786285,0.55086006",,
FIFO-Windowed,100000,4,14.0,14.0,1.0,0.0016841630003909,0.0016841630003909,14,,,,100000,True,iid,105,1.0,iid_100000_105_baseline.csv,,,,,,,,,,,,,,
Kahn-FIFO,100000,4,14.0,14.0,1.0,0.0016841630003909,0.0016841630003909,14,,,,100000,True,iid,105,1.0,iid_100000_105_baseline.csv,,,,,,,,,,,,,,
LangChain-FCFS-policy,100000,4,14.0,14.0,1.0,0.0016841630003909,0.0016841630003909,14,,,,100000,True,iid,105,1.0,iid_100000_105_baseline.csv,,,,,,,,,,,,,,
LangGraph-FCFS-policy,100000,4,14.0,14.0,1.0,0.0016841630003909,0.0016841630003909,14,,,,100000,True,iid,105,1.0,iid_100000_105_baseline.csv,,,,,,,,,,,,,,
FIFO-Strict,100000,4,14.0,14.0,1.0,0.0004969060000803,0.0004969060000803,14,,,,100000,True,iid,105,1.0,iid_100000_105_baseline.csv,,,,,,,,,,,,,,
MP,100000,4,18.0,15.0,1.2,1.1370672570005809,1.1736425399999462,30,0.7240322520632546,0.6314644784696897,0.8108466886564647,100000,True,correlated_bursts,100,1.0,correlated_bursts_100000_100_mp.csv,48.0,100000.0,2227695.0,1143310.0,0.2055148009994809,0.0224258420016667,0.0164416120005626,0.8664778039997145,18.0,waves,18.0,"0.82523523,0.71011766,0.63146448,0.72931164",,
OMP,100000,4,20.0,15.0,1.3333333333333333,1.0426746139996794,1.079118464000203,27,0.6526817454852263,0.5916396008084615,0.697302067388169,100000,True,correlated_bursts,109,1.0,correlated_bursts_100000_109_omp.csv,47.0,100000.0,1983002.0,1051572.0,0.1882505999992645,0.01996726599873,0.0183145840032921,0.792295890000787,20.0,waves,20.0,"0.68007483,0.59163960,0.63867038,0.70034217",,
IRLS,10000,4,17.0,15.0,1.1333333333333333,0.2076630120009213,0.212706266999703,20,0.7675848914359131,0.6769304545636271,0.862963407500351,10000,True,correlated_bursts,100,1.0,correlated_bursts_10000_100_irls.csv,37.0,10000.0,200385.0,98838.0,0.0215652749993751,0.0028409559986357,0.0162757690000034,0.1631422139998903,17.0,waves,17.0,"0.88008670,0.74739100,0.67693045,0.76593141",,
FISTA,100000,4,18.0,15.0,1.2,1.358929420000095,1.3963260989999071,24,0.735367788218635,0.6811581495130503,0.7766272783689764,100000,True,iid,101,1.0,iid_100000_101_fista.csv,42.0,100000.0,1911412.0,1042724.0,0.2072587050010952,0.0202175550002721,0.205263190000096,0.8995766399989407,18.0,waves,18.0,"0.74157627,0.78281275,0.68115815,0.73592398",,
OLS,100000,4,20.0,15.0,1.3333333333333333,2.8292925900009323,2.8683911250000165,27,0.6526817454852263,0.5916396008084615,0.697302067388169,100000,True,correlated_bursts,109,1.0,correlated_bursts_100000_109_ols.csv,47.0,100000.0,1983002.0,1051572.0,0.1887947730010637,0.0195484390005731,1.7872750169990468,0.809571817998858,20.0,waves,20.0,"0.68007483,0.59163960,0.63867038,0.70034217",,
MP,10000,4,18.0,14.0,1.2857142857142858,0.1951316749991747,0.1998989210001127,20,0.7192295999312842,0.6724378186852844,0.7640882140112806,10000,True,correlated_bursts,102,1.0,correlated_bursts_10000_102_mp.csv,38.0,10000.0,198110.0,97517.0,0.0204259199986154,0.0029656790011358,0.0054048090000833,0.1626919720006299,18.0,waves,18.0,"0.76997227,0.70376308,0.73074523,0.67243782",,
OLS,10000,4,21.0,14.0,1.5,1.0050323749997006,1.011672229999931,22,0.6034274325293207,0.5525361959003267,0.6312895669493221,10000,True,correlated_bursts,103,1.0,correlated_bursts_10000_103_ols.csv,43.0,10000.0,217634.0,109278.0,0.0252076979995763,0.0038682250001329,0.7780544639999789,0.1932788039989645,21.0,waves,21.0,"0.63308594,0.55253620,0.60697748,0.62111011",,
OLS,100000,4,17.0,15.0,1.1333333333333333,2.7861155040018275,2.8253702619999785,26,0.7490204528270515,0.6937544557630314,0.8230870376963101,100000,True,iid,108,1.0,iid_100000_108_ols.csv,43.0,100000.0,1683283.0,951988.0,0.1644773219986746,0.018702258999383,1.8339345889994547,0.7453598349993626,17.0,waves,17.0,"0.69375446,0.69583875,0.77489754,0.83159107",,
FIFO-Windowed,10000,4,36.0,14.0,2.571428571428572,0.000427732999924,0.000427732999924,36,,,,10000,True,correlated_bursts,109,1.0,correlated_bursts_10000_109_baseline.csv,,,,,,,,,,,,,,
Kahn-FIFO,10000,4,36.0,14.0,2.571428571428572,0.000427732999924,0.000427732999924,36,,,,10000,True,correlated_bursts,109,1.0,correlated_bursts_10000_109_baseline.csv,,,,,,,,,,,,,,
LangChain-FCFS-policy,10000,4,36.0,14.0,2.571428571428572,0.000427732999924,0.000427732999924,36,,,,10000,True,correlated_bursts,109,1.0,correlated_bursts_10000_109_baseline.csv,,,,,,,,,,,,,,
LangGraph-FCFS-policy,10000,4,36.0,14.0,2.571428571428572,0.000427732999924,0.000427732999924,36,,,,10000,True,correlated_bursts,109,1.0,correlated_bursts_10000_109_baseline.csv,,,,,,,,,,,,,,
FIFO-Strict,10000,4,36.0,14.0,2.571428571428572,4.508700021688128e-05,4.508700021688128e-05,36,,,,10000,True,correlated_bursts,109,1.0,correlated_bursts_10000_109_baseline.csv,,,,,,,,,,,,,,
FISTA,100000,4,18.0,14.0,1.2857142857142858,1.3379805219988157,1.3950544859999354,26,0.735082591325431,0.6807762428696067,0.7725583812924159,100000,True,correlated_bursts,101,1.0,correlated_bursts_100000_101_fista.csv,44.0,100000.0,2048364.0,1049052.0,0.2236199310027586,0.0201354460009497,0.1960024859986333,0.8729009660005431,18.0,waves,18.0,"0.74438681,0.77752984,0.68077624,0.73763748",,
OMP,1000000,4,17.0,15.0,1.1333333333333333,9.783687547999309,10.19785121100017,36,0.748923756494868,0.6936287379712965,0.82324813610656,1000000,True,correlated_bursts,108,1.0,correlated_bursts_1000000_108_omp.csv,53.0,1000000.0,20473352.0,13334442.0,2.321216753000272,0.2181641289996605,0.0881756200001291,6.86232750800059,17.0,waves,17.0,"0.69362874,0.69535827,0.77493382,0.83177419",,
IRLS,100000,4,21.0,14.0,1.5,1.38266272500141,1.4232616539998162,24,0.6228292100273994,0.5906044766538863,0.6541792181954573,100000,True,iid,105,1.0,iid_100000_105_irls.csv,45.0,100000.0,2076538.0,1105472.0,0.2010541380004724,0.0210845350020463,0.0929124749995935,1.036060150999219,21.0,waves,21.0,"0.62587464,0.59060448,0.61566358,0.65917414",,
OMP,10000,4,23.0,15.0,1.5333333333333334,0.2521926709987383,0.2572608200002833,25,0.5534043238854063,0.5137060090825177,0.6068897314692925,10000,True,correlated_bursts,108,1.0,correlated_bursts_10000_108_omp.csv,48.0,10000.0,238265.0,117672.0,0.0249129999997421,0.0035672340000019,0.0096289190000788,0.2096401260018865,23.0,waves,23.0,"0.52061712,0.51370601,0.56501472,0.61427944",,
MP,100000,4,20.0,14.0,1.4285714285714286,0.9883348509997631,1.024114485000155,25,0.6539706705287694,0.6201347004865805,0.6868881791052301,100000,True,iid,105,1.0,iid_100000_105_mp.csv,45.0,100000.0,2005116.0,1035080.0,0.1779437159998451,0.0196166170007927,0.0143575209986011,0.7513711499996134,20.0,waves,20.0,"0.65716837,0.62013470,0.64644676,0.69213285",,
FISTA,10000,4,17.0,15.0,1.1333333333333333,0.2259038269994562,0.2311643859998184,17,0.7675848914359131,0.6769304545636271,0.862963407500351,10000,True,correlated_bursts,100,1.0,correlated_bursts_10000_100_fista.csv,34.0,10000.0,187390.0,98695.0,0.0205230039978232,0.0029276619989104,0.0358428320005259,0.1624937710012091,17.0,waves,17.0,"0.88008670,0.74739100,0.67693045,0.76593141",,
OLS,1000000,4,19.0,15.0,1.2666666666666666,11.597675067002,12.024921975000098,31,0.6574115280786387,0.6015722671194579,0.7630431076517405,1000000,True,correlated_bursts,107,1.0,correlated_bursts_1000000_107_ols.csv,50.0,1000000.0,19683381.0,11384645.0,1.9868956109994544,0.1852931689998058,3.9478257660002782,5.2255191639997065,19.0,waves,19.0,"0.60157227,0.78568544,0.63473655,0.60765185",,
OLS,100000,4,19.0,14.0,1.3571428571428572,2.895243827998001,2.936347314000159,27,0.6883455532635722,0.6549865027748911,0.7258446245094684,100000,True,correlated_bursts,105,1.0,correlated_bursts_100000_105_ols.csv,46.0,100000.0,2068754.0,1045813.0,0.1884612990002097,0.0198138089986059,1.8841823839975405,0.7779731229998106,19.0,waves,19.0,"0.68629375,0.65498650,0.67927777,0.73282419",,
IRLS,100000,4,18.0,15.0,1.2,1.2273197150011583,1.2642050770000424,25,0.7234426456259356,0.6290132655866058,0.8067166568636585,100000,True,iid,100,1.0,iid_100000_100_irls.csv,43.0,100000.0,2067014.0,1072617.0,0.2145766559992807,0.0204039710001779,0.072054482000567,0.8932313929994962,18.0,waves,18.0,"0.82057339,0.71598878,0.62901327,0.72819515",,
FISTA,1000000,4,17.0,15.0,1.1333333333333333,12.170294079000769,12.59759937900003,34,0.7677028436432539,0.6940031547199979,0.8204784068690155,1000000,True,correlated_bursts,109,1.0,correlated_bursts_1000000_109_fista.csv,51.0,1000000.0,21484558.0,13231240.0,2.26843285299924,0.2167555980001907,2.330813252000098,7.006680129999495,17.0,waves,17.0,"0.79885612,0.69400315,0.75365799,0.82429410",,
OMP,1000000,4,20.0,15.0,1.3333333333333333,9.653923360999444,10.043791393999982,36,0.6525474170967659,0.5899026815119982,0.6974066458386632,1000000,True,correlated_bursts,109,1.0,correlated_bursts_1000000_109_omp.csv,56.0,1000000.0,22920305.0,13735313.0,2.3029998370009253,0.2222140269998362,0.0966399979988636,6.734452480999153,20.0,waves,20.0,"0.67902771,0.58990268,0.64060929,0.70064999",,
FIFO-Windowed,10000,4,36.0,15.0,2.4,0.0003758259999813,0.0003758259999813,36,,,,10000,True,correlated_bursts,107,1.0,correlated_bursts_10000_107_baseline.csv,,,,,,,,,,,,,,
Kahn-FIFO,10000,4,36.0,15.0,2.4,0.0003758259999813,0.0003758259999813,36,,,,10000,True,correlated_bursts,107,1.0,correlated_bursts_10000_107_baseline.csv,,,,,,,,,,,,,,
LangChain-FCFS-policy,10000,4,36.0,15.0,2.4,0.0003758259999813,0.0003758259999813,36,,,,10000,True,correlated_bursts,107,1.0,correlated_bursts_10000_107_baseline.csv,,,,,,,,,,,,,,
LangGraph-FCFS-policy,10000,4,36.0,15.0,2.4,0.0003758259999813,0.0003758259999813,36,,,,10000,True,correlated_bursts,107,1.0,correlated_bursts_10000_107_baseline.csv,,,,,,,,,,,,,,
FIFO-Strict,10000,4,37.0,15.0,2.466666666666667,4.464600033315946e-05,4.464600033315946e-05,37,,,,10000,True,correlated_bursts,107,1.0,correlated_bursts_10000_107_baseline.csv,,,,,,,,,,,,,,
IRLS,100000,4,19.0,14.0,1.3571428571428572,1.372449822998533,1.411599174000003,27,0.6519902774997344,0.6275196194417016,0.6890749098131573,100000,True,complementary,107,1.0,complementary_100000_107_irls.csv,46.0,100000.0,2170224.0,1118684.0,0.2344690839995564,0.0221012750002955,0.0668398259986133,1.0070351089993892,19.0,waves,19.0,"0.63495455,0.64941285,0.69607410,0.62751962",,
MP,1000000,4,18.0,15.0,1.2,7.910206560000006,8.377785454000104,30,0.6939343907496742,0.6349929486260943,0.8054343914101706,1000000,True,correlated_bursts,107,1.0,correlated_bursts_1000000_107_mp.csv,48.0,1000000.0,20840009.0,11662190.0,2.054270567000003,0.1998986099997637,0.0699998050001795,5.301728551000224,18.0,waves,18.0,"0.63499295,0.82933463,0.66999969,0.64141029",,
FIFO-Windowed,100000,4,15.0,15.0,1.0,0.0017902499998854,0.0017902499998854,15,,,,100000,True,iid,108,1.0,iid_100000_108_baseline.csv,,,,,,,,,,,,,,
Kahn-FIFO,100000,4,15.0,15.0,1.0,0.0017902499998854,0.0017902499998854,15,,,,100000,True,iid,108,1.0,iid_100000_108_baseline.csv,,,,,,,,,,,,,,
LangChain-FCFS-policy,100000,4,15.0,15.0,1.0,0.0017902499998854,0.0017902499998854,15,,,,100000,True,iid,108,1.0,iid_100000_108_baseline.csv,,,,,,,,,,,,,,
LangGraph-FCFS-policy,100000,4,15.0,15.0,1.0,0.0017902499998854,0.0017902499998854,15,,,,100000,True,iid,108,1.0,iid_100000_108_baseline.csv,,,,,,,,,,,,,,
FIFO-Strict,100000,4,15.0,15.0,1.0,0.0004373269998723,0.0004373269998723,15,,,,100000,True,iid,108,1.0,iid_100000_108_baseline.csv,,,,,,,,,,,,,,
OMP,1000000,4,20.0,15.0,1.3333333333333333,14.08388465699909,14.59976444699987,35,0.6515426027896195,0.5663460784142097,0.7289453524456113,1000000,True,correlated_bursts,100,1.0,correlated_bursts_1000000_100_omp.csv,55.0,1000000.0,21784423.0,12339109.0,4.634994689999758,0.4089012650003951,0.2408368879989666,8.329435821000288,20.0,waves,20.0,"0.74147297,0.64039586,0.56634608,0.65795550",,
FISTA,100000,4,19.0,15.0,1.2666666666666666,1.515371964998394,1.5527269799999883,26,0.6699097923638319,0.6218227876712565,0.7360623754686305,100000,True,correlated_bursts,108,1.0,correlated_bursts_100000_108_fista.csv,45.0,100000.0,2194811.0,1180566.0,0.2268054829987704,0.021549091999077,0.2045392879999781,1.035901355999158,19.0,waves,19.0,"0.62252511,0.62182279,0.69133601,0.74395526",,
FISTA,100000,4,17.0,15.0,1.1333333333333333,1.357430985000974,1.3963162149998425,25,0.7672529312099896,0.6941034417667576,0.8197511880755799,100000,True,iid,109,1.0,iid_100000_109_fista.csv,42.0,100000.0,1965900.0,1018945.0,0.2015307850010685,0.0193366749999768,0.2326548209985048,0.8781723380016047,17.0,waves,17.0,"0.79423140,0.69410344,0.75642220,0.82425468",,
OLS,10000,4,23.0,15.0,1.5333333333333334,1.0932608889997937,1.0996431720000146,25,0.5534043238854063,0.5137060090825177,0.6068897314692925,10000,True,correlated_bursts,108,1.0,correlated_bursts_10000_108_ols.csv,48.0,10000.0,238265.0,117672.0,0.0254972459993041,0.003645082001185,0.849790527998266,0.2096117459991546,23.0,waves,23.0,"0.52061712,0.51370601,0.56501472,0.61427944",,
IRLS,100000,4,19.0,14.0,1.3571428571428572,1.4547713530018882,1.4928614760001435,27,0.6643055140496033,0.6197738487051244,0.7165156938079617,100000,True,complementary,108,1.0,complementary_100000_108_irls.csv,46.0,100000.0,2354150.0,1204350.0,0.2585264529989217,0.0224357890001556,0.0832007929998326,1.0593998800000008,19.0,waves,19.0,"0.62608598,0.61977385,0.72115909,0.69020314",,
FISTA,10000,4,17.0,15.0,1.1333333333333333,0.2276101240004209,0.2325954940001793,18,0.7675505740228822,0.7010849119130302,0.8450177552984275,10000,True,correlated_bursts,104,1.0,correlated_bursts_10000_104_fista.csv,35.0,10000.0,180448.0,93734.0,0.0197748170007798,0.0028518400013126,0.040071490000173,0.1610336409999035,17.0,waves,17.0,"0.70866680,0.85135738,0.80909321,0.70108491",,
MP,100000,4,16.0,13.0,1.2307692307692308,0.9599118139985876,0.9962455980003142,29,0.7842306151067218,0.7596986201818288,0.8100832082927103,100000,True,complementary,103,1.0,complementary_100000_103_mp.csv,45.0,100000.0,2093213.0,1006651.0,0.1820121360010489,0.0189258300010806,0.0143066930008899,0.7215012590008882,16.0,waves,16.0,"0.79780096,0.75969862,0.76717221,0.81225066",,
IRLS,100000,4,17.0,15.0,1.1333333333333333,1.1623447080000917,1.2002101419998326,25,0.7672529312099896,0.6941034417667576,0.8197511880755799,100000,True,iid,109,1.0,iid_100000_109_irls.csv,42.0,100000.0,1948731.0,1013498.0,0.1802319389985314,0.0439114710002286,0.0512576140004057,0.837357835999228,17.0,waves,17.0,"0.79423140,0.69410344,0.75642220,0.82425468",,
MP,100000,4,19.0,14.0,1.3571428571428572,1.0026784130000124,1.040066515000035,25,0.682521753217923,0.6399517429560109,0.7255389482519753,100000,True,iid,102,1.0,iid_100000_102_mp.csv,44.0,100000.0,1950963.0,1066146.0,0.1765177949982899,0.0202928229991812,0.0144788979996519,0.7662928360000478,19.0,waves,19.0,"0.72989947,0.65940647,0.70082933,0.63995174",,
FISTA,100000,4,19.0,15.0,1.2666666666666666,1.4879139049985497,1.5248498159999144,25,0.6767645298768763,0.6162211612886295,0.7604005570149296,100000,True,complementary,102,1.0,complementary_100000_102_fista.csv,44.0,100000.0,2005378.0,1082498.0,0.2335330910009361,0.0212681220014019,0.2912743489991953,0.9142693730004794,19.0,waves,19.0,"0.77134189,0.61622116,0.69839967,0.62109540",,
IRLS,100000,4,18.0,15.0,1.2,1.3551944329992691,1.3950830180001503,30,0.7245547415452533,0.6607710795349545,0.8022240416019757,100000,True,iid,104,1.0,iid_100000_104_irls.csv,48.0,100000.0,2313187.0,1099342.0,0.2314205490006315,0.0213710559987703,0.1083690039999965,0.9642156009990686,18.0,waves,18.0,"0.66077108,0.80916822,0.76287371,0.66540595",,
FISTA,1000000,4,18.0,15.0,1.2,11.923639227999727,12.335359570000035,34,0.7239362253217995,0.6292734204602329,0.8099392804951236,1000000,True,correlated_bursts,100,1.0,correlated_bursts_1000000_100_fista.csv,52.0,1000000.0,22561154.0,12883061.0,2.299931285999719,0.2183937619990956,2.2109200030006377,6.8260319940000045,18.0,waves,18.0,"0.82385886,0.71155096,0.62927342,0.73106166",,
IRLS,100000,4,17.0,14.0,1.2142857142857142,1.2460913449990585,1.3095298460002596,29,0.7464202276030008,0.6866878631194433,0.7821268607975408,100000,True,iid,103,1.0,iid_100000_103_irls.csv,46.0,100000.0,2152901.0,1056243.0,0.2572705929987933,0.0206889330002013,0.0835219659998074,0.8573069759995633,17.0,waves,17.0,"0.78503251,0.68668786,0.74829900,0.76566154",,
IRLS,10000,4,21.0,14.0,1.5,0.2212690000019392,0.2263203869997596,27,0.6219800974615037,0.5914714909175086,0.6587974244774334,10000,True,correlated_bursts,105,1.0,correlated_bursts_10000_105_irls.csv,48.0,10000.0,219767.0,102877.0,0.0227218490022096,0.0031516680001004,0.0186897429994132,0.1724348649991043,21.0,waves,21.0,"0.61732047,0.59147149,0.61301154,0.66611689",,
OMP,100000,4,21.0,15.0,1.4,1.150851557000351,1.1871135669998694,26,0.6205990731970753,0.541255267259734,0.6950114474198269,100000,True,correlated_bursts,100,1.0,correlated_bursts_100000_100_omp.csv,47.0,100000.0,2146282.0,1158308.0,0.1973038170003747,0.0217804149988296,0.0194092989995624,0.8865858870003649,21.0,waves,21.0,"0.70734448,0.60867228,0.54125527,0.62512426",,
IRLS,100000,4,19.0,14.0,1.3571428571428572,1.451959636000538,1.4928011769998193,29,0.6677938352006569,0.6185334427482622,0.6973042990735435,100000,True,correlated_bursts,103,1.0,correlated_bursts_100000_103_irls.csv,48.0,100000.0,2255716.0,1166999.0,0.2221241970000846,0.0248513879982965,0.070662257001004,1.1051501420015484,19.0,waves,19.0,"0.69901822,0.61853344,0.66603158,0.68759211",,
FIFO-Windowed,10000,4,37.0,14.0,2.642857142857143,0.0003892959998665,0.0003892959998665,37,,,,10000,True,correlated_bursts,105,1.0,correlated_bursts_10000_105_baseline.csv,,,,,,,,,,,,,,
Kahn-FIFO,10000,4,37.0,14.0,2.642857142857143,0.0003892959998665,0.0003892959998665,37,,,,10000,True,correlated_bursts,105,1.0,correlated_bursts_10000_105_baseline.csv,,,,,,,,,,,,,,
LangChain-FCFS-policy,10000,4,37.0,14.0,2.642857142857143,0.0003892959998665,0.0003892959998665,37,,,,10000,True,correlated_bursts,105,1.0,correlated_bursts_10000_105_baseline.csv,,,,,,,,,,,,,,
LangGraph-FCFS-policy,10000,4,37.0,14.0,2.642857142857143,0.0003892959998665,0.0003892959998665,37,,,,10000,True,correlated_bursts,105,1.0,correlated_bursts_10000_105_baseline.csv,,,,,,,,,,,,,,
FIFO-Strict,10000,4,37.0,14.0,2.642857142857143,4.514700003710459e-05,4.514700003710459e-05,37,,,,10000,True,correlated_bursts,105,1.0,correlated_bursts_10000_105_baseline.csv,,,,,,,,,,,,,,
MP,100000,4,17.0,15.0,1.1333333333333333,1.016358418001346,1.055211680999946,23,0.7830294520286369,0.7181893135445259,0.8352041563587236,100000,True,correlated_bursts,106,1.0,correlated_bursts_100000_106_mp.csv,40.0,100000.0,1900014.0,1035665.0,0.1814627210001163,0.0193674459997055,0.0161901299998135,0.7690331549997609,17.0,waves,17.0,"0.71818931,0.76732826,0.84030589,0.80629434",,
MP,1000000,4,19.0,14.0,1.3571428571428572,9.09493061800049,9.48543556200002,34,0.6823363101250561,0.639954756345155,0.7242345292425654,1000000,True,correlated_bursts,102,1.0,correlated_bursts_1000000_102_mp.csv,53.0,1000000.0,22324917.0,12849586.0,2.1960663190006926,0.2276449289988704,0.0775427869998566,6.29314444099964,19.0,waves,19.0,"0.72800950,0.65853798,0.70284300,0.63995476",,
FISTA,10000,4,20.0,14.0,1.4285714285714286,0.2274473759989632,0.2321680310001284,20,0.6530791023345788,0.621045065463384,0.691737295701305,10000,True,correlated_bursts,105,1.0,correlated_bursts_10000_105_fista.csv,40.0,10000.0,184728.0,97364.0,0.0201034350016016,0.0029733170008512,0.0380713190020287,0.1622786860002634,20.0,waves,20.0,"0.64818650,0.62104507,0.64366212,0.69942273",,
FIFO-Windowed,100000,4,14.0,14.0,1.0,0.0015767830000186,0.0015767830000186,14,,,,100000,True,iid,103,1.0,iid_100000_103_baseline.csv,,,,,,,,,,,,,,
Kahn-FIFO,100000,4,14.0,14.0,1.0,0.0015767830000186,0.0015767830000186,14,,,,100000,True,iid,103,1.0,iid_100000_103_baseline.csv,,,,,,,,,,,,,,
LangChain-FCFS-policy,100000,4,14.0,14.0,1.0,0.0015767830000186,0.0015767830000186,14,,,,100000,True,iid,103,1.0,iid_100000_103_baseline.csv,,,,,,,,,,,,,,
LangGraph-FCFS-policy,100000,4,14.0,14.0,1.0,0.0015767830000186,0.0015767830000186,14,,,,100000,True,iid,103,1.0,iid_100000_103_baseline.csv,,,,,,,,,,,,,,
FIFO-Strict,100000,4,14.0,14.0,1.0,0.0004245879999871,0.0004245879999871,14,,,,100000,True,iid,103,1.0,iid_100000_103_baseline.csv,,,,,,,,,,,,,,
OLS,100000,4,19.0,14.0,1.3571428571428572,2.751617572998839,2.790766597000129,26,0.6783252956654106,0.6235781397424665,0.7285026225050583,100000,True,complementary,109,1.0,complementary_100000_109_ols.csv,45.0,100000.0,1861812.0,1006815.0,0.1775989979996666,0.0195007289980821,1.7858794409994516,0.7445378250013164,19.0,waves,19.0,"0.71463752,0.64413612,0.62357814,0.73094941",,
FISTA,1000000,4,19.0,14.0,1.3571428571428572,11.116721085000336,11.511629684000129,34,0.6823363101250561,0.639954756345155,0.7242345292425654,1000000,True,correlated_bursts,102,1.0,correlated_bursts_1000000_102_fista.csv,53.0,1000000.0,21664673.0,12335545.0,2.1410862200004885,0.232761524000125,2.0658795120004925,6.3671672429998125,19.0,waves,19.0,"0.72800950,0.65853798,0.70284300,0.63995476",,
OMP,100000,4,20.0,15.0,1.3333333333333333,1.1332343800013405,1.1692620119997628,28,0.6510983810633422,0.5661119390279452,0.7260449911772927,100000,True,iid,100,1.0,iid_100000_100_omp.csv,48.0,100000.0,2216041.0,1120767.0,0.1975176760001886,0.0217291699982524,0.0191632819996812,0.8688105709989031,20.0,waves,20.0,"0.73851605,0.64438990,0.56611194,0.65537563",,
FIFO-Windowed,100000,4,14.0,14.0,1.0,0.0014321290000225,0.0014321290000225,14,,,,100000,True,complementary,101,1.0,complementary_100000_101_baseline.csv,,,,,,,,,,,,,,
Kahn-FIFO,100000,4,14.0,14.0,1.0,0.0014321290000225,0.0014321290000225,14,,,,100000,True,complementary,101,1.0,complementary_100000_101_baseline.csv,,,,,,,,,,,,,,
LangChain-FCFS-policy,100000,4,14.0,14.0,1.0,0.0014321290000225,0.0014321290000225,14,,,,100000,True,complementary,101,1.0,complementary_100000_101_baseline.csv,,,,,,,,,,,,,,
LangGraph-FCFS-policy,100000,4,14.0,14.0,1.0,0.0014321290000225,0.0014321290000225,14,,,,100000,True,complementary,101,1.0,complementary_100000_101_baseline.csv,,,,,,,,,,,,,,
FIFO-Strict,100000,4,14.0,14.0,1.0,0.0004225550001137,0.0004225550001137,14,,,,100000,True,complementary,101,1.0,complementary_100000_101_baseline.csv,,,,,,,,,,,,,,
OLS,1000000,4,17.0,15.0,1.1333333333333333,14.16027191699959,14.562854843999958,36,0.748923756494868,0.6936287379712965,0.82324813610656,1000000,True,correlated_bursts,108,1.0,correlated_bursts_1000000_108_ols.csv,53.0,1000000.0,20473352.0,13334442.0,2.240296123000008,0.257610325999849,4.842875111999547,6.508018497000194,17.0,waves,17.0,"0.69362874,0.69535827,0.77493382,0.83177419",,
FISTA,100000,4,20.0,14.0,1.4285714285714286,1.2755763809987002,1.3370456760003435,24,0.6539706705287694,0.6201347004865805,0.6868881791052301,100000,True,iid,105,1.0,iid_100000_105_fista.csv,44.0,100000.0,1984742.0,1035152.0,0.1866319569980987,0.0199804899993978,0.1764567289997103,0.8664011320006466,20.0,waves,20.0,"0.65716837,0.62013470,0.64644676,0.69213285",,
OMP,10000,4,20.0,15.0,1.3333333333333333,0.2235710620002464,0.2284147959999245,21,0.6243814861128727,0.5705652949905395,0.7218816093373298,10000,True,correlated_bursts,107,1.0,correlated_bursts_10000_107_omp.csv,41.0,10000.0,213085.0,109346.0,0.0226942680005777,0.0032903269998314,0.0081752179999057,0.1853153649994965,20.0,waves,20.0,"0.57056529,0.74200410,0.60785414,0.57710240",,
MP,100000,4,17.0,14.0,1.2142857142857142,1.0254203180011243,1.065304687999742,26,0.7578913304370525,0.7267355623476178,0.8011764297617604,100000,True,complementary,100,1.0,complementary_100000_100_mp.csv,43.0,100000.0,2001952.0,1057212.0,0.1790464829996381,0.0202351529992483,0.0151163120008277,0.785413044001416,17.0,waves,17.0,"0.80707514,0.73000419,0.76775043,0.72673556",,
OMP,10000,4,20.0,15.0,1.3333333333333333,0.2242738190007003,0.2288777710000431,20,0.6524179879194498,0.5959221751260757,0.7182650920036634,10000,True,correlated_bursts,104,1.0,correlated_bursts_10000_104_omp.csv,40.0,10000.0,212530.0,111265.0,0.0226323969995974,0.0033674070004963,0.0080460879985366,0.1861147499998878,20.0,waves,20.0,"0.60236678,0.72365377,0.68772922,0.59592218",,
OMP,100000,4,22.0,14.0,1.5714285714285714,1.0475172070000554,1.083064658999774,25,0.6014312110844435,0.5569987441660419,0.6320932210574313,100000,True,correlated_bursts,101,1.0,correlated_bursts_100000_101_omp.csv,47.0,100000.0,1953261.0,1046398.0,0.1857015569999021,0.01960098300151,0.01803899000015,0.8005947780002316,22.0,waves,22.0,"0.60904375,0.63616077,0.55699874,0.60352157",,
OLS,100000,4,19.0,14.0,1.3571428571428572,2.7426705790007877,2.78136399999994,27,0.6883901795039679,0.6527733689332427,0.7230401885318212,100000,True,iid,105,1.0,iid_100000_105_ols.csv,46.0,100000.0,1911186.0,1046703.0,0.1783396100013305,0.0202765989974977,1.73749572899942,0.7814261039993653,19.0,waves,19.0,"0.69175618,0.65277337,0.68047028,0.72856090",,
OMP,100000,4,17.0,15.0,1.1333333333333333,0.9685681049995764,1.003444362999744,26,0.7490204528270515,0.6937544557630314,0.8230870376963101,100000,True,iid,108,1.0,iid_100000_108_omp.csv,43.0,100000.0,1683283.0,951988.0,0.1626924890001646,0.018701688999954,0.0170311659999242,0.7479444580003474,17.0,waves,17.0,"0.69375446,0.69583875,0.77489754,0.83159107",,
OMP,100000,4,20.0,14.0,1.4285714285714286,1.2540090679981404,1.2921465720000924,27,0.6511049454873006,0.6218860558587312,0.6796080146249035,100000,True,complementary,101,1.0,complementary_100000_101_omp.csv,47.0,100000.0,2009803.0,1067305.0,0.3141946149985415,0.0206442310000056,0.0215533909999976,0.8717156800003067,20.0,waves,20.0,"0.68437196,0.65261231,0.62188606,0.64554945",,
OMP,100000,4,28.0,15.0,1.8666666666666667,1.3569620269972802,1.3963640050001231,30,0.4754107387316724,0.4360435117948907,0.5070882377892251,100000,True,correlated_bursts,106,1.0,correlated_bursts_100000_106_omp.csv,58.0,100000.0,2429019.0,1265024.0,0.2287096829986694,0.0247658239986776,0.0235531789994638,1.0500056000005316,28.0,waves,28.0,"0.43604351,0.46587788,0.51018572,0.48953585",,
FIFO-Windowed,100000,4,34.0,15.0,2.2666666666666666,0.0038217259998418,0.0038217259998418,34,,,,100000,True,correlated_bursts,109,1.0,correlated_bursts_100000_109_baseline.csv,,,,,,,,,,,,,,
Kahn-FIFO,100000,4,34.0,15.0,2.2666666666666666,0.0038217259998418,0.0038217259998418,34,,,,100000,True,correlated_bursts,109,1.0,correlated_bursts_100000_109_baseline.csv,,,,,,,,,,,,,,
LangChain-FCFS-policy,100000,4,34.0,15.0,2.2666666666666666,0.0038217259998418,0.0038217259998418,34,,,,100000,True,correlated_bursts,109,1.0,correlated_bursts_100000_109_baseline.csv,,,,,,,,,,,,,,
LangGraph-FCFS-policy,100000,4,34.0,15.0,2.2666666666666666,0.0038217259998418,0.0038217259998418,34,,,,100000,True,correlated_bursts,109,1.0,correlated_bursts_100000_109_baseline.csv,,,,,,,,,,,,,,
FIFO-Strict,100000,4,34.0,15.0,2.2666666666666666,0.0004552739997052,0.0004552739997052,34,,,,100000,True,correlated_bursts,109,1.0,correlated_bursts_100000_109_baseline.csv,,,,,,,,,,,,,,
MP,100000,4,18.0,15.0,1.2,1.0489284450013656,1.0897633739996309,27,0.7402433121096977,0.6750775781057499,0.7841322597581192,100000,True,iid,106,1.0,iid_100000_106_mp.csv,45.0,100000.0,2027320.0,1075673.0,0.1874348060009651,0.0208167370010414,0.0161514480000732,0.7977855200010708,18.0,waves,18.0,"0.67507758,0.72753343,0.78625418,0.77210806",,
OMP,100000,4,21.0,14.0,1.5,1.1714591460008703,1.2108022639999945,26,0.6041944223244039,0.5596254958198562,0.630894365828444,100000,True,correlated_bursts,103,1.0,correlated_bursts_100000_103_omp.csv,47.0,100000.0,2240265.0,1210605.0,0.207710243999827,0.0216426609995323,0.0192026499994426,0.8936050949992023,21.0,waves,21.0,"0.63244505,0.55962550,0.60260000,0.62210714",,
IRLS,10000,4,19.0,15.0,1.2666666666666666,0.2199403439994967,0.224891492000097,20,0.6572436695924977,0.6005950473584627,0.7598753782498209,10000,True,correlated_bursts,107,1.0,correlated_bursts_10000_107_irls.csv,39.0,10000.0,206950.0,104916.0,0.0223284669991699,0.0031472599998778,0.0167902310004137,0.1734640750005383,19.0,waves,19.0,"0.60059505,0.78105695,0.63984647,0.60747621",,
FISTA,100000,4,18.0,15.0,1.2,1.4556232449990605,1.4951321409998857,28,0.7240322520632546,0.6314644784696897,0.8108466886564647,100000,True,correlated_bursts,100,1.0,correlated_bursts_100000_100_fista.csv,46.0,100000.0,2127565.0,1091322.0,0.239218999998684,0.0220470059989565,0.1920722790005129,0.9754345760011348,18.0,waves,18.0,"0.82523523,0.71011766,0.63146448,0.72931164",,
FIFO-Windowed,100000,4,36.0,15.0,2.4,0.0035591169998951,0.0035591169998951,36,,,,100000,True,correlated_bursts,100,1.0,correlated_bursts_100000_100_baseline.csv,,,,,,,,,,,,,,
Kahn-FIFO,100000,4,36.0,15.0,2.4,0.0035591169998951,0.0035591169998951,36,,,,100000,True,correlated_bursts,100,1.0,correlated_bursts_100000_100_baseline.csv,,,,,,,,,,,,,,
LangChain-FCFS-policy,100000,4,36.0,15.0,2.4,0.0035591169998951,0.0035591169998951,36,,,,100000,True,correlated_bursts,100,1.0,correlated_bursts_100000_100_baseline.csv,,,,,,,,,,,,,,
LangGraph-FCFS-policy,100000,4,36.0,15.0,2.4,0.0035591169998951,0.0035591169998951,36,,,,100000,True,correlated_bursts,100,1.0,correlated_bursts_100000_100_baseline.csv,,,,,,,,,,,,,,
FIFO-Strict,100000,4,36.0,15.0,2.4,0.000439070000084,0.000439070000084,36,,,,100000,True,correlated_bursts,100,1.0,correlated_bursts_100000_100_baseline.csv,,,,,,,,,,,,,,
OLS,10000,4,23.0,15.0,1.5333333333333334,1.1197322880020693,1.127050005000001,24,0.5794641108374665,0.5309977441041366,0.6191485043861901,10000,True,correlated_bursts,106,1.0,correlated_bursts_10000_106_ols.csv,47.0,10000.0,241386.0,124877.0,0.0270484140005464,0.0038058840009398,0.8625216929999624,0.2209518320000825,23.0,waves,23.0,"0.53099774,0.55606858,0.62075712,0.61003299",,
IRLS,100000,4,20.0,14.0,1.4285714285714286,1.37254727599975,1.4116025990001615,27,0.6479817361057998,0.6071427993330956,0.6876883972279112,100000,True,correlated_bursts,102,1.0,correlated_bursts_100000_102_irls.csv,47.0,100000.0,2183752.0,1146065.0,0.2371697450003012,0.022046619001685,0.0738405719989714,1.0113475399998606,20.0,waves,20.0,"0.69157361,0.62753833,0.66567221,0.60714280",,
MP,100000,4,19.0,15.0,1.2666666666666666,1.0451266789978035,1.0810746449997168,24,0.6767645298768763,0.6162211612886295,0.7604005570149296,100000,True,complementary,102,1.0,complementary_100000_102_mp.csv,43.0,100000.0,1986002.0,1079321.0,0.1856353930002114,0.020412488000602,0.0149828069988871,0.7992523569996592,19.0,waves,19.0,"0.77134189,0.61622116,0.69839967,0.62109540",,
IRLS,100000,4,19.0,14.0,1.3571428571428572,1.307868528000654,1.345289030999993,28,0.6963940338872503,0.6449459142975221,0.7318974138559731,100000,True,correlated_bursts,101,1.0,correlated_bursts_100000_101_irls.csv,47.0,100000.0,2036531.0,1099085.0,0.2425355010009298,0.0205540099982499,0.0757405190006466,0.9430152770019048,19.0,waves,19.0,"0.70520856,0.73660721,0.64494591,0.69881445",,
OLS,100000,4,22.0,14.0,1.5714285714285714,2.8497228620003625,2.8887656060001063,25,0.6014312110844435,0.5569987441660419,0.6320932210574313,100000,True,correlated_bursts,101,1.0,correlated_bursts_100000_101_ols.csv,47.0,100000.0,1953261.0,1046398.0,0.1782917420005105,0.0219224699994811,1.821244350001052,0.8038878380020833,22.0,waves,22.0,"0.60904375,0.63616077,0.55699874,0.60352157",,
MP,100000,4,18.0,14.0,1.2857142857142858,1.0304047540030297,1.0658331209997414,25,0.6882119595830529,0.6623818205217962,0.7273568492472217,100000,True,complementary,107,1.0,complementary_100000_107_mp.csv,43.0,100000.0,2051646.0,1107788.0,0.1842385789991567,0.0213016149996292,0.0144925119993786,0.7852685859993471,18.0,waves,18.0,"0.67022980,0.68549134,0.73474488,0.66238182",,
FIFO-Windowed,1000000,4,35.0,14.0,2.5,0.0314075250000769,0.0314075250000769,35,,,,1000000,True,correlated_bursts,103,1.0,correlated_bursts_1000000_103_baseline.csv,,,,,,,,,,,,,,
Kahn-FIFO,1000000,4,35.0,14.0,2.5,0.0314075250000769,0.0314075250000769,35,,,,1000000,True,correlated_bursts,103,1.0,correlated_bursts_1000000_103_baseline.csv,,,,,,,,,,,,,,
LangChain-FCFS-policy,1000000,4,35.0,14.0,2.5,0.0314075250000769,0.0314075250000769,35,,,,1000000,True,correlated_bursts,103,1.0,correlated_bursts_1000000_103_baseline.csv,,,,,,,,,,,,,,
LangGraph-FCFS-policy,1000000,4,35.0,14.0,2.5,0.0314075250000769,0.0314075250000769,35,,,,1000000,True,correlated_bursts,103,1.0,correlated_bursts_1000000_103_baseline.csv,,,,,,,,,,,,,,
FIFO-Strict,1000000,4,35.0,14.0,2.5,0.0043978989999686,0.0043978989999686,35,,,,1000000,True,correlated_bursts,103,1.0,correlated_bursts_1000000_103_baseline.csv,,,,,,,,,,,,,,
OLS,100000,4,21.0,15.0,1.4,3.0333244609992107,3.0759995119997257,30,0.6061088597577526,0.5626015697978035,0.6659611968525705,100000,True,correlated_bursts,108,1.0,correlated_bursts_100000_108_ols.csv,51.0,100000.0,2266675.0,1149711.0,0.205836618999001,0.0231366930011063,1.887660097999742,0.8893255710022459,21.0,waves,21.0,"0.56323700,0.56260157,0.62549449,0.67310238",,
Adaptive-SPARSE,10000,4,17.0,15.0,1.1333333333333333,0.1980360539982939,0.1975603999999293,17,0.7675848914359131,0.6769304545636271,0.862963407500351,10000,True,correlated_bursts,100,1.0,correlated_bursts_10000_100_mp.csv,34.0,10000.0,187390.0,98695.0,0.0199177190015689,0.0029001219991187,0.0049625339997874,0.1617125420011689,17.0,waves,17.0,"0.88008670,0.74739100,0.67693045,0.76593141",0.5293244240180331,MP
Adaptive-SPARSE,10000,4,17.0,14.0,1.2142857142857142,0.198235096001099,0.1991902719996687,17,0.778825975923211,0.7222075636012881,0.8168248166824322,10000,True,correlated_bursts,101,1.0,correlated_bursts_10000_101_mp.csv,34.0,10000.0,183140.0,96570.0,0.0204845949988339,0.0029299049992914,0.0052321069988465,0.1618786399990313,17.0,waves,17.0,"0.78842036,0.82183737,0.72220756,0.78283861",0.5366899231304991,MP
Adaptive-SPARSE,10000,4,18.0,14.0,1.2857142857142858,0.2027035619989874,0.1998989210001127,20,0.7192295999312842,0.6724378186852844,0.7640882140112806,10000,True,correlated_bursts,102,1.0,correlated_bursts_10000_102_mp.csv,38.0,10000.0,198110.0,97517.0,0.0204259199986154,0.0029656790011358,0.0054048090000833,0.1626919720006299,18.0,waves,18.0,"0.76997227,0.70376308,0.73074523,0.67243782",0.5411006174057629,MP
Adaptive-SPARSE,10000,4,15.0,14.0,1.0714285714285714,0.17745738700023134,0.1788746739998714,16,0.8447984055410491,0.7735506742604573,0.883805393729051,10000,True,correlated_bursts,103,1.0,correlated_bursts_10000_103_mp.csv,31.0,10000.0,164574.0,86917.0,0.0180626819983444,0.0039273529973797,0.0048544749997745,0.1430828929997005,15.0,waves,15.0,"0.88632032,0.77355067,0.84976848,0.86955415",0.543165841023813,MP
Adaptive-SPARSE,10000,4,17.0,15.0,1.1333333333333333,0.18880953200141445,0.1895847749997301,18,0.7675505740228822,0.7010849119130302,0.8450177552984275,10000,True,correlated_bursts,104,1.0,correlated_bursts_10000_104_mp.csv,35.0,10000.0,180448.0,93734.0,0.0191588419993422,0.0028932029995303,0.0049953530010498,0.154361837000124,17.0,waves,17.0,"0.70866680,0.85135738,0.80909321,0.70108491",0.5325787510065972,MP
Adaptive-SPARSE,10000,4,20.0,14.0,1.4285714285714286,0.19942880699773013,0.2000731299999643,20,0.6530791023345788,0.621045065463384,0.691737295701305,10000,True,correlated_bursts,105,1.0,correlated_bursts_10000_105_mp.csv,40.0,10000.0,184728.0,97364.0,0.0199951939994207,0.0030558720004592,0.0064033769990601,0.1623937630006366,20.0,waves,20.0,"0.64818650,0.62104507,0.64366212,0.69942273",0.548282250726495,MP
Adaptive-SPARSE,10000,4,18.0,15.0,1.2,0.19736101499938735,0.1981219109998164,19,0.7404263638478739,0.6784971174663967,0.7911342000490207,10000,True,correlated_bursts,106,1.0,correlated_bursts_10000_106_mp.csv,37.0,10000.0,194876.0,98114.0,0.0201124299992443,0.002913742999226,0.0054081229995972,0.1614356880004379,18.0,waves,18.0,"0.67849712,0.71053208,0.79318966,0.77948660",0.5981233538319914,MP
Adaptive-SPARSE,10000,4,18.0,15.0,1.2,0.2063486889996966,0.2072524850000263,20,0.6937572067920809,0.6339614388783773,0.8020906770414775,10000,True,correlated_bursts,107,1.0,correlated_bursts_10000_107_mp.csv,38.0,10000.0,204224.0,101893.0,0.0212236679990382,0.0031716959992991,0.0055771329984963,0.1686293010020563,18.0,waves,18.0,"0.63396144,0.82444900,0.67539349,0.64122489",0.5512413714520057,MP
Adaptive-SPARSE,10000,4,18.0,15.0,1.2,0.2103678150001542,0.2111317870003404,19,0.707127747186908,0.6564021227165505,0.775470212432985,10000,True,correlated_bursts,108,1.0,correlated_bursts_10000_108_mp.csv,37.0,10000.0,204182.0,105525.0,0.021541664999404,0.0032763079998403,0.0054426140009127,0.1723599520014431,18.0,waves,18.0,"0.66523299,0.65640212,0.72196326,0.78491262",0.5323276856658475,MP
Adaptive-SPARSE,10000,4,16.0,14.0,1.1428571428571428,0.183416095001121,0.1844703060000938,17,0.8171860109540323,0.7459153064668178,0.8683194175486266,10000,True,correlated_bursts,109,1.0,correlated_bursts_10000_109_mp.csv,33.0,10000.0,179231.0,93159.0,0.0192172119986935,0.002830870998423,0.0049889709998751,0.1490954559999409,16.0,waves,16.0,"0.85690093,0.74591531,0.79559336,0.87033445",0.5408971685465904,MP
Adaptive-SPARSE,100000,4,18.0,15.0,1.2,1.1766059060005318,1.1736425399999462,30,0.7240322520632546,0.6314644784696897,0.8108466886564647,100000,True,correlated_bursts,100,1.0,correlated_bursts_100000_100_mp.csv,48.0,100000.0,2227695.0,1143310.0,0.2055148009994809,0.0224258420016667,0.0164416120005626,0.8664778039997145,18.0,waves,18.0,"0.82523523,0.71011766,0.63146448,0.72931164",0.5268565822714932,MP
Adaptive-SPARSE,100000,4,18.0,14.0,1.2857142857142858,1.1258244099999504,1.1279204580000624,27,0.735082591325431,0.6807762428696067,0.7725583812924159,100000,True,correlated_bursts,101,1.0,correlated_bursts_100000_101_mp.csv,45.0,100000.0,2069338.0,1077825.0,0.1918945950001216,0.0206410329988102,0.0154464429983818,0.8361738980015616,18.0,waves,18.0,"0.74438681,0.77752984,0.68077624,0.73763748",0.5403039604603797,MP
Adaptive-SPARSE,100000,4,19.0,14.0,1.3571428571428572,1.1621574960004182,1.1610322909996285,26,0.6820860380061049,0.6390976835085216,0.7238825233978012,100000,True,correlated_bursts,102,1.0,correlated_bursts_100000_102_mp.csv,45.0,100000.0,2014143.0,1111940.0,0.1914786850002201,0.0209020579995922,0.0157437389998449,0.8702934799998729,19.0,waves,19.0,"0.72797222,0.66056666,0.70070759,0.63909768",0.5445339334816524,MP
Adaptive-SPARSE,100000,4,17.0,14.0,1.2142857142857142,1.001879276001091,1.0012884110001323,24,0.7463578158124988,0.6913020830715871,0.7793400989645486,100000,True,correlated_bursts,103,1.0,correlated_bursts_100000_103_mp.csv,41.0,100000.0,1830892.0,1016988.0,0.1720613450011114,0.0191397470011907,0.0139646520001406,0.7380350579996957,17.0,waves,17.0,"0.78125565,0.69130208,0.74438823,0.76848530",0.5440123074055296,MP
Adaptive-SPARSE,100000,4,18.0,15.0,1.2,1.069551563999994,1.0727613799999745,26,0.7245953990182612,0.66072888385393,0.8014776745685737,100000,True,correlated_bursts,104,1.0,correlated_bursts_100000_104_mp.csv,44.0,100000.0,1964037.0,1049590.0,0.1829053239989662,0.0200934330023301,0.0156645639995076,0.7900118290003775,18.0,waves,18.0,"0.66072888,0.80772559,0.76607280,0.66385432",0.5341224100269537,MP
Adaptive-SPARSE,100000,4,20.0,14.0,1.4285714285714286,1.0805193449996295,1.0827628379997805,25,0.6539282756003935,0.6222371776361465,0.689552393283995,100000,True,correlated_bursts,105,1.0,correlated_bursts_100000_105_mp.csv,45.0,100000.0,2040673.0,1098058.0,0.1875086119985098,0.0200912440004685,0.0148406450011862,0.8004591349999828,20.0,waves,20.0,"0.65197907,0.62223718,0.64531388,0.69618298",0.5532653841929914,MP
Adaptive-SPARSE,100000,4,17.0,15.0,1.1333333333333333,1.0517752770010704,1.055211680999946,23,0.7830294520286369,0.7181893135445259,0.8352041563587236,100000,True,correlated_bursts,106,1.0,correlated_bursts_100000_106_mp.csv,40.0,100000.0,1900014.0,1035665.0,0.1814627210001163,0.0193674459997055,0.0161901299998135,0.7690331549997609,17.0,waves,17.0,"0.71818931,0.76732826,0.84030589,0.80629434",0.5950097423262528,MP
Adaptive-SPARSE,100000,4,18.0,15.0,1.2,1.1007849889988393,1.1033326530000522,24,0.6941074207027201,0.6349877992386288,0.8060361611783283,100000,True,correlated_bursts,107,1.0,correlated_bursts_100000_107_mp.csv,42.0,100000.0,2006362.0,1091478.0,0.190219226001318,0.0202474550010265,0.0148069930000929,0.8152052130008087,18.0,waves,18.0,"0.63498780,0.82986188,0.67102377,0.64055624",0.5533337381268806,MP
Adaptive-SPARSE,100000,4,19.0,15.0,1.2666666666666666,1.2128490790018986,1.2142031770003996,28,0.6699097923638319,0.6218227876712565,0.7360623754686305,100000,True,correlated_bursts,108,1.0,correlated_bursts_100000_108_mp.csv,47.0,100000.0,2253076.0,1182629.0,0.1993463059993701,0.0218172200020489,0.0162290680004844,0.9146292370014636,19.0,waves,19.0,"0.62252511,0.62182279,0.69133601,0.74395526",0.5339202363834145,MP
Adaptive-SPARSE,100000,4,17.0,15.0,1.1333333333333333,1.035980558997835,1.037646739000138,24,0.7678608770414428,0.6960465891864253,0.8203553733978458,100000,True,correlated_bursts,109,1.0,correlated_bursts_100000_109_mp.csv,41.0,100000.0,1889250.0,1044132.0,0.1760039060000053,0.0193225269995309,0.0142106659986893,0.7686589659983838,17.0,waves,17.0,"0.80008803,0.69604659,0.75137692,0.82393196",0.5403041367157089,MP
Adaptive-SPARSE,1000000,4,18.0,15.0,1.2,13.909045936000211,13.86168759899988,33,0.7239362253217995,0.6292734204602329,0.8099392804951236,1000000,True,correlated_bursts,100,1.0,correlated_bursts_1000000_100_mp.csv,51.0,1000000.0,22371478.0,12638940.0,4.767523928999935,0.4543158509995919,0.2554428670002835,7.3693309550003505,18.0,waves,18.0,"0.82385886,0.71155096,0.62927342,0.73106166",0.5264796122324952,MP
Adaptive-SPARSE,1000000,4,17.0,15.0,1.1333333333333333,8.68122063899932,8.744252891000087,32,0.7785473673712786,0.7216200482718477,0.8194155297867726,1000000,True,correlated_bursts,101,1.0,correlated_bursts_1000000_101_mp.csv,49.0,1000000.0,21307449.0,12027602.0,2.1212466329991457,0.2073952550003923,0.0748385550007242,5.635631077000426,17.0,waves,17.0,"0.78788706,0.82497938,0.72162005,0.77970298",0.541375351047935,MP
Adaptive-SPARSE,1000000,4,19.0,14.0,1.3571428571428572,9.382703157000378,9.48543556200002,34,0.6823363101250561,0.639954756345155,0.7242345292425654,1000000,True,correlated_bursts,102,1.0,correlated_bursts_1000000_102_mp.csv,53.0,1000000.0,22324917.0,12849586.0,2.1960663190006926,0.2276449289988704,0.0775427869998566,6.29314444099964,19.0,waves,19.0,"0.72800950,0.65853798,0.70284300,0.63995476",0.5440773611181351,MP
Adaptive-SPARSE,1000000,4,17.0,14.0,1.2142857142857142,8.983986668999478,9.099166191999984,33,0.746457202060129,0.693701426836874,0.7766263851872004,1000000,True,correlated_bursts,103,1.0,correlated_bursts_1000000_103_mp.csv,50.0,1000000.0,20952970.0,11818140.0,2.0754175100025805,0.2171291159997963,0.0995913109995854,5.991426025000919,17.0,waves,17.0,"0.77798039,0.69370143,0.74519332,0.76895367",0.5419837209024435,MP
Adaptive-SPARSE,1000000,4,18.0,15.0,1.2,8.997977869000806,9.162598214999887,33,0.7249440784610831,0.6590872554205789,0.8039003480505639,1000000,True,correlated_bursts,104,1.0,correlated_bursts_1000000_104_mp.csv,51.0,1000000.0,21075520.0,12127245.0,2.167673450999473,0.2150535910004691,0.0748724669999774,5.951674543999616,18.0,waves,18.0,"0.65908726,0.81048456,0.76658979,0.66361471",0.5348077020297903,MP
Adaptive-SPARSE,1000000,4,19.0,14.0,1.3571428571428572,9.76284671100052,9.872059386000046,35,0.6875983758072666,0.6530899435995838,0.724241670388115,1000000,True,correlated_bursts,105,1.0,correlated_bursts_1000000_105_mp.csv,54.0,1000000.0,22437806.0,13002581.0,2.24120385899937,0.2369278829996801,0.099311849999367,6.606289645000061,19.0,waves,19.0,"0.68840404,0.65308994,0.67833356,0.73056596",0.5526700039668114,MP
Adaptive-SPARSE,1000000,4,18.0,15.0,1.2,8.524681344999863,8.634536228999877,33,0.7398208519229801,0.6786760681529266,0.7851561609516391,1000000,True,correlated_bursts,106,1.0,correlated_bursts_1000000_106_mp.csv,51.0,1000000.0,21486509.0,11905325.0,2.1080350939996606,0.197587882999187,0.076255017999756,5.569941388999951,18.0,waves,18.0,"0.67867607,0.72682551,0.78869841,0.76508342",0.5946936255303259,MP
Adaptive-SPARSE,1000000,4,18.0,15.0,1.2,8.199479971000073,8.377785454000104,30,0.6939343907496742,0.6349929486260943,0.8054343914101706,1000000,True,correlated_bursts,107,1.0,correlated_bursts_1000000_107_mp.csv,48.0,1000000.0,20840009.0,11662190.0,2.054270567000003,0.1998986099997637,0.0699998050001795,5.301728551000224,18.0,waves,18.0,"0.63499295,0.82933463,0.66999969,0.64141029",0.5542957108323001,MP
Adaptive-SPARSE,1000000,4,19.0,15.0,1.2666666666666666,9.571882920000462,9.67944026400005,36,0.6700896768638294,0.6206151866058969,0.7365904375690274,1000000,True,correlated_bursts,108,1.0,correlated_bursts_1000000_108_mp.csv,55.0,1000000.0,25078482.0,13278186.0,2.3145177720004995,0.2095118510010252,0.0832195529999353,6.378882838999971,19.0,waves,19.0,"0.62061519,0.62216267,0.69336184,0.74421901",0.5332181646081018,MP
Adaptive-SPARSE,1000000,4,17.0,15.0,1.1333333333333333,9.849395033000746,9.950865859000032,35,0.7677028436432539,0.6940031547199979,0.8204784068690155,1000000,True,correlated_bursts,109,1.0,correlated_bursts_1000000_109_mp.csv,52.0,1000000.0,21734372.0,13151213.0,2.2339701330001844,0.2175142040005084,0.0816695549995074,6.683911295999906,17.0,waves,17.0,"0.79885612,0.69400315,0.75365799,0.82429410",0.5392267906085864,MP
Adaptive-SPARSE,100000,4,15.0,15.0,1.0,0.019787077000273694,0.0015091340001163,15,,,,100000,True,iid,100,1.0,iid_100000_100_baseline.csv,,,,,,,,,,,,,0.0009068855121570074,FIFO-Windowed
Adaptive-SPARSE,100000,4,15.0,15.0,1.0,0.01963346900038229,0.0017429500003345,15,,,,100000,True,iid,101,1.0,iid_100000_101_baseline.csv,,,,,,,,,,,,,0.0005165457277375718,FIFO-Windowed
Adaptive-SPARSE,100000,4,14.0,14.0,1.0,0.019417829999838414,0.0015199599997686,14,,,,100000,True,iid,102,1.0,iid_100000_102_baseline.csv,,,,,,,,,,,,,0.0006446107472961038,FIFO-Windowed
Adaptive-SPARSE,100000,4,14.0,14.0,1.0,0.019735839000077228,0.0015767830000186,14,,,,100000,True,iid,103,1.0,iid_100000_103_baseline.csv,,,,,,,,,,,,,-0.0009935044388198477,FIFO-Windowed
Adaptive-SPARSE,100000,4,15.0,15.0,1.0,0.020074522000413677,0.001611265000065,15,,,,100000,True,iid,104,1.0,iid_100000_104_baseline.csv,,,,,,,,,,,,,-0.0008208664506371144,FIFO-Windowed
Adaptive-SPARSE,100000,4,14.0,14.0,1.0,0.019521313000495786,0.0016841630003909,14,,,,100000,True,iid,105,1.0,iid_100000_105_baseline.csv,,,,,,,,,,,,,0.004107071082743552,FIFO-Windowed
Adaptive-SPARSE,100000,4,15.0,15.0,1.0,0.019473782000204574,0.0017593739999028,15,,,,100000,True,iid,106,1.0,iid_100000_106_baseline.csv,,,,,,,,,,,,,-5.929982256852595e-05,FIFO-Windowed
Adaptive-SPARSE,100000,4,15.0,15.0,1.0,0.01934773599987233,0.001603803999842,15,,,,100000,True,iid,107,1.0,iid_100000_107_baseline.csv,,,,,,,,,,,,,-0.0018755795707399159,FIFO-Windowed
Adaptive-SPARSE,100000,4,15.0,15.0,1.0,0.019649421999929455,0.0017902499998854,15,,,,100000,True,iid,108,1.0,iid_100000_108_baseline.csv,,,,,,,,,,,,,-0.00046415948004785434,FIFO-Windowed
Adaptive-SPARSE,100000,4,15.0,15.0,1.0,0.01999867000040463,0.0017863040002339,15,,,,100000,True,iid,109,1.0,iid_100000_109_baseline.csv,,,,,,,,,,,,,0.003500926617864164,FIFO-Windowed
Adaptive-SPARSE,100000,4,14.0,14.0,1.0,0.017758483000307013,0.0014779470002395,14,,,,100000,True,complementary,100,1.0,complementary_100000_100_baseline.csv,,,,,,,,,,,,,-0.0005986374525887572,FIFO-Windowed
Adaptive-SPARSE,100000,4,14.0,14.0,1.0,0.017278393000196915,0.0014321290000225,14,,,,100000,True,complementary,101,1.0,complementary_100000_101_baseline.csv,,,,,,,,,,,,,0.001253270627796177,FIFO-Windowed
Adaptive-SPARSE,100000,4,15.0,15.0,1.0,0.0174417750004067,0.0015310660000977,15,,,,100000,True,complementary,102,1.0,complementary_100000_102_baseline.csv,,,,,,,,,,,,,0.0026383707141715007,FIFO-Windowed
Adaptive-SPARSE,100000,4,14.0,13.0,1.0769230769230769,0.017528674000004622,0.0016910230001485,14,,,,100000,True,complementary,103,1.0,complementary_100000_103_baseline.csv,,,,,,,,,,,,,0.0014127556332653723,FIFO-Windowed
Adaptive-SPARSE,100000,4,14.0,14.0,1.0,0.01754897400041948,0.0016570430002502,14,,,,100000,True,complementary,104,1.0,complementary_100000_104_baseline.csv,,,,,,,,,,,,,0.0003721241487311122,FIFO-Windowed
Adaptive-SPARSE,100000,4,14.0,14.0,1.0,0.017622693000248473,0.0015851660000407,14,,,,100000,True,complementary,105,1.0,complementary_100000_105_baseline.csv,,,,,,,,,,,,,-0.0008875603989584313,FIFO-Windowed
Adaptive-SPARSE,100000,4,15.0,15.0,1.0,0.019486840999888927,0.0019458699998722,15,,,,100000,True,complementary,106,1.0,complementary_100000_106_baseline.csv,,,,,,,,,,,,,0.0014160217439077583,FIFO-Windowed
Adaptive-SPARSE,100000,4,14.0,14.0,1.0,0.017594592000023054,0.001661389000219,14,,,,100000,True,complementary,107,1.0,complementary_100000_107_baseline.csv,,,,,,,,,,,,,-0.0007913820509701797,FIFO-Windowed
Adaptive-SPARSE,100000,4,14.0,14.0,1.0,0.01753515299969867,0.0016373029998248,14,,,,100000,True,complementary,108,1.0,complementary_100000_108_baseline.csv,,,,,,,,,,,,,0.0002337193074605226,FIFO-Windowed
Adaptive-SPARSE,100000,4,14.0,14.0,1.0,0.017487922999862328,0.0017083679999814,14,,,,100000,True,complementary,109,1.0,complementary_100000_109_baseline.csv,,,,,,,,,,,,,0.0006367399669373053,FIFO-Windowed
